[
  {
    "id": "KAZ-M-Vassilyev-Danil#0",
    "lastName": "Vassilyev",
    "firstName": "Danil",
    "countryCode": "KAZ",
    "gender": "Male",
    "birthdate": "1999-08-22T00:00:00",
    "imagePath": "Danil Vassiljev.png",
    "helmetColor": "ffffff",
    "suitTopFrontColor": "116fff",
    "suitTopBackColor": "116fff",
    "suitBottomFrontColor": "116fff",
    "suitBottomBackColor": "116fff",
    "skisColor": "0a9bff"
  },
  {
    "id": "FRA-M-Batby-Alessandro#0",
    "lastName": "Batby",
    "firstName": "Alessandro",
    "countryCode": "FRA",
    "gender": "Male",
    "birthdate": "1999-08-22T00:00:00",
    "imagePath": "Alessandro Batby.png",
    "helmetColor": "ffffff",
    "suitTopFrontColor": "000000",
    "suitTopBackColor": "000000",
    "suitBottomFrontColor": "000000",
    "suitBottomBackColor": "000000",
    "skisColor": "9bff20"
  },
  {
    "id": "SUI-M-Peter-Dominik#0",
    "lastName": "Peter",
    "firstName": "Dominik",
    "countryCode": "SUI",
    "gender": "Male",
    "birthdate": "1999-08-22T00:00:00",
    "imagePath": "Dominik Peter.png",
    "helmetColor": "ffffff",
    "suitTopFrontColor": "969696",
    "suitTopBackColor": "969696",
    "suitBottomFrontColor": "ffffff",
    "suitBottomBackColor": "ffffff",
    "skisColor": "fbabe6"
  },
  {
    "id": "FRA-M-Contamine-Mathis#0",
    "lastName": "Contamine",
    "firstName": "Mathis",
    "countryCode": "FRA",
    "gender": "Male",
    "birthdate": "1999-08-22T00:00:00",
    "imagePath": "Mathis Contamine.png",
    "helmetColor": "ffffff",
    "suitTopFrontColor": "000000",
    "suitTopBackColor": "000000",
    "suitBottomFrontColor": "000000",
    "suitBottomBackColor": "000000",
    "skisColor": "9bff20"
  },
  {
    "id": "GER-M-Eisenbichler-Markus#0",
    "lastName": "Eisenbichler",
    "firstName": "Markus",
    "countryCode": "GER",
    "gender": "Male",
    "birthdate": "1999-08-22T00:00:00",
    "imagePath": "Markus Eisenbichler.png",
    "helmetColor": "ff1e18",
    "suitTopFrontColor": "000000",
    "suitTopBackColor": "000000",
    "suitBottomFrontColor": "000000",
    "suitBottomBackColor": "000000",
    "skisColor": "9bff20"
  },
  {
    "id": "SUI-M-Deschwanden-Gregor#0",
    "lastName": "Deschwanden",
    "firstName": "Gregor",
    "countryCode": "SUI",
    "gender": "Male",
    "birthdate": "1999-08-22T00:00:00",
    "imagePath": "Gregor Deschwanden.png",
    "helmetColor": "000000",
    "suitTopFrontColor": "000000",
    "suitTopBackColor": "ffffff",
    "suitBottomFrontColor": "000000",
    "suitBottomBackColor": "ffffff",
    "skisColor": "9bff20"
  },
  {
    "id": "NOR-M-Fannemel-Anders#0",
    "lastName": "Fannemel",
    "firstName": "Anders",
    "countryCode": "NOR",
    "gender": "Male",
    "birthdate": "1999-08-22T00:00:00",
    "imagePath": "Anders Fannemel.png",
    "helmetColor": "ffffff",
    "suitTopFrontColor": "2d261e",
    "suitTopBackColor": "2d261e",
    "suitBottomFrontColor": "2d261e",
    "suitBottomBackColor": "2d261e",
    "skisColor": "9bff20"
  },
  {
    "id": "POL-M-Wasek-Pawel#0",
    "lastName": "Wasek",
    "firstName": "Pawel",
    "countryCode": "POL",
    "gender": "Male",
    "birthdate": "1999-08-22T00:00:00",
    "imagePath": "Pawel Wasek.png",
    "helmetColor": "ffffff",
    "suitTopFrontColor": "000000",
    "suitTopBackColor": "000000",
    "suitBottomFrontColor": "000000",
    "suitBottomBackColor": "000000",
    "skisColor": "fbabe6"
  },
  {
    "id": "NOR-M-Villumstad-Fredrik#0",
    "lastName": "Villumstad",
    "firstName": "Fredrik",
    "countryCode": "NOR",
    "gender": "Male",
    "birthdate": "1999-08-22T00:00:00",
    "imagePath": "Fredrik Villumstad.png",
    "helmetColor": "ffffff",
    "suitTopFrontColor": "2d261e",
    "suitTopBackColor": "2d261e",
    "suitBottomFrontColor": "2d261e",
    "suitBottomBackColor": "2d261e",
    "skisColor": "9bff20"
  },
  {
    "id": "SLO-M-Zajc-Timi#0",
    "lastName": "Zajc",
    "firstName": "Timi",
    "countryCode": "SLO",
    "gender": "Male",
    "birthdate": "1999-08-22T00:00:00",
    "imagePath": "Timi Zajc.png",
    "helmetColor": "ffffff",
    "suitTopFrontColor": "000000",
    "suitTopBackColor": "000000",
    "suitBottomFrontColor": "000000",
    "suitBottomBackColor": "000000",
    "skisColor": "0a9bff"
  },
  {
    "id": "FIN-M-Kytosaho-Niko#0",
    "lastName": "Kytosaho",
    "firstName": "Niko",
    "countryCode": "FIN",
    "gender": "Male",
    "birthdate": "1999-08-22T00:00:00",
    "imagePath": "Niko Kytosaho.png",
    "helmetColor": "20c7ff",
    "suitTopFrontColor": "0b1e4b",
    "suitTopBackColor": "0b1e4b",
    "suitBottomFrontColor": "0b1e4b",
    "suitBottomBackColor": "0b1e4b",
    "skisColor": "9bff20"
  },
  {
    "id": "GER-M-Schmid-Constantin#0",
    "lastName": "Schmid",
    "firstName": "Constantin",
    "countryCode": "GER",
    "gender": "Male",
    "birthdate": "1999-08-22T00:00:00",
    "imagePath": "Constantin Schmid.png",
    "helmetColor": "ff0d0d",
    "suitTopFrontColor": "000000",
    "suitTopBackColor": "000000",
    "suitBottomFrontColor": "000000",
    "suitBottomBackColor": "000000",
    "skisColor": "9bff20"
  },
  {
    "id": "EST-M-Aigro-Artti#0",
    "lastName": "Aigro",
    "firstName": "Artti",
    "countryCode": "EST",
    "gender": "Male",
    "birthdate": "1999-08-22T00:00:00",
    "imagePath": "Artti Aigro.png",
    "helmetColor": "000000",
    "suitTopFrontColor": "04396b",
    "suitTopBackColor": "04396b",
    "suitBottomFrontColor": "04396b",
    "suitBottomBackColor": "04396b",
    "skisColor": "9bff20"
  },
  {
    "id": "RUS-M-Trofimov-Roman_Sergeevich#0",
    "lastName": "Trofimov",
    "firstName": "Roman Sergeevich",
    "countryCode": "RUS",
    "gender": "Male",
    "birthdate": "1999-08-22T00:00:00",
    "imagePath": "Roman Sergeevich Trofimov.png",
    "helmetColor": "fee120",
    "suitTopFrontColor": "222222",
    "suitTopBackColor": "222222",
    "suitBottomFrontColor": "222222",
    "suitBottomBackColor": "222222",
    "skisColor": "0a9bff"
  },
  {
    "id": "USA-M-Bickner-Kevin#0",
    "lastName": "Bickner",
    "firstName": "Kevin",
    "countryCode": "USA",
    "gender": "Male",
    "birthdate": "1999-08-22T00:00:00",
    "imagePath": "Kevin Bickner.png",
    "helmetColor": "000000",
    "suitTopFrontColor": "969696",
    "suitTopBackColor": "969696",
    "suitBottomFrontColor": "969696",
    "suitBottomBackColor": "969696",
    "skisColor": "0a9bff"
  },
  {
    "id": "SLO-M-Prevc-Peter#0",
    "lastName": "Prevc",
    "firstName": "Peter",
    "countryCode": "SLO",
    "gender": "Male",
    "birthdate": "1999-08-22T00:00:00",
    "imagePath": "Peter Prevc.png",
    "helmetColor": "676767",
    "suitTopFrontColor": "ffffff",
    "suitTopBackColor": "ffffff",
    "suitBottomFrontColor": "ffffff",
    "suitBottomBackColor": "ffffff",
    "skisColor": "ffffff"
  },
  {
    "id": "POL-M-Zyla-Piotr#0",
    "lastName": "Zyla",
    "firstName": "Piotr",
    "countryCode": "POL",
    "gender": "Male",
    "birthdate": "1999-08-22T00:00:00",
    "imagePath": "Piotr Zyla.png",
    "helmetColor": "ffffff",
    "suitTopFrontColor": "295479",
    "suitTopBackColor": "295479",
    "suitBottomFrontColor": "295479",
    "suitBottomBackColor": "000000",
    "skisColor": "fbabe6"
  },
  {
    "id": "TUR-M-Ipcioglu-Fatih_Arda#0",
    "lastName": "Ipcioglu",
    "firstName": "Fatih Arda",
    "countryCode": "TUR",
    "gender": "Male",
    "birthdate": "1999-08-22T00:00:00",
    "imagePath": "Fatih Arda Ipcioglu.png",
    "helmetColor": "000000",
    "suitTopFrontColor": "116fff",
    "suitTopBackColor": "116fff",
    "suitBottomFrontColor": "ffffff",
    "suitBottomBackColor": "116fff",
    "skisColor": "0a9bff"
  },
  {
    "id": "GER-M-Leyhe-Stephan#0",
    "lastName": "Leyhe",
    "firstName": "Stephan",
    "countryCode": "GER",
    "gender": "Male",
    "birthdate": "1999-08-22T00:00:00",
    "imagePath": "Stephan Leyhe.png",
    "helmetColor": "fbabe6",
    "suitTopFrontColor": "000000",
    "suitTopBackColor": "000000",
    "suitBottomFrontColor": "000000",
    "suitBottomBackColor": "000000",
    "skisColor": "9bff20"
  },
  {
    "id": "CAN-M-Boyd-Clowes-Mackenzie#0",
    "lastName": "Boyd-Clowes",
    "firstName": "Mackenzie",
    "countryCode": "CAN",
    "gender": "Male",
    "birthdate": "1999-08-22T00:00:00",
    "imagePath": "Mackenzie Boyd-Clowes.png",
    "helmetColor": "ffffff",
    "suitTopFrontColor": "000000",
    "suitTopBackColor": "000000",
    "suitBottomFrontColor": "351e00",
    "suitBottomBackColor": "000000",
    "skisColor": "9bff20"
  },
  {
    "id": "AUT-M-Hoerl-Jan#0",
    "lastName": "Hoerl",
    "firstName": "Jan",
    "countryCode": "AUT",
    "gender": "Male",
    "birthdate": "1999-08-22T00:00:00",
    "imagePath": "Jan Hoerl.png",
    "helmetColor": "fbabe6",
    "suitTopFrontColor": "32435a",
    "suitTopBackColor": "32435a",
    "suitBottomFrontColor": "32435a",
    "suitBottomBackColor": "32435a",
    "skisColor": "9bff20"
  },
  {
    "id": "NOR-M-Lindvik-Marius#0",
    "lastName": "Lindvik",
    "firstName": "Marius",
    "countryCode": "NOR",
    "gender": "Male",
    "birthdate": "1999-08-22T00:00:00",
    "imagePath": "Marius Lindvik.png",
    "helmetColor": "ffffff",
    "suitTopFrontColor": "116fff",
    "suitTopBackColor": "116fff",
    "suitBottomFrontColor": "116fff",
    "suitBottomBackColor": "116fff",
    "skisColor": "0a9bff"
  },
  {
    "id": "KAZ-M-Tkachenko-Sergey#0",
    "lastName": "Tkachenko",
    "firstName": "Sergey",
    "countryCode": "KAZ",
    "gender": "Male",
    "birthdate": "1999-08-22T00:00:00",
    "imagePath": "Sergey Tkachenko.png",
    "helmetColor": "ffffff",
    "suitTopFrontColor": "000000",
    "suitTopBackColor": "000000",
    "suitBottomFrontColor": "000000",
    "suitBottomBackColor": "000000",
    "skisColor": "9bff20"
  },
  {
    "id": "GER-M-Paschke-Pius#0",
    "lastName": "Paschke",
    "firstName": "Pius",
    "countryCode": "GER",
    "gender": "Male",
    "birthdate": "1999-08-22T00:00:00",
    "imagePath": "Pius Paschke.png",
    "helmetColor": "fbabe6",
    "suitTopFrontColor": "000000",
    "suitTopBackColor": "000000",
    "suitBottomFrontColor": "000000",
    "suitBottomBackColor": "000000",
    "skisColor": "9bff20"
  },
  {
    "id": "JPN-M-Ito-Daiki#0",
    "lastName": "Ito",
    "firstName": "Daiki",
    "countryCode": "JPN",
    "gender": "Male",
    "birthdate": "1999-08-22T00:00:00",
    "imagePath": "Daiki Ito.png",
    "helmetColor": "ffffff",
    "suitTopFrontColor": "ffffff",
    "suitTopBackColor": "ffffff",
    "suitBottomFrontColor": "ffffff",
    "suitBottomBackColor": "ffffff",
    "skisColor": "9bff20"
  },
  {
    "id": "JPN-M-Sato-Keiichi#0",
    "lastName": "Sato",
    "firstName": "Keiichi",
    "countryCode": "JPN",
    "gender": "Male",
    "birthdate": "1999-08-22T00:00:00",
    "imagePath": "Keiichi Sato.png",
    "helmetColor": "ffffff",
    "suitTopFrontColor": "101b33",
    "suitTopBackColor": "101b33",
    "suitBottomFrontColor": "101b33",
    "suitBottomBackColor": "101b33",
    "skisColor": "9bff20"
  },
  {
    "id": "CZE-M-Polasek-Viktor#0",
    "lastName": "Polasek",
    "firstName": "Viktor",
    "countryCode": "CZE",
    "gender": "Male",
    "birthdate": "1999-08-22T00:00:00",
    "imagePath": "Viktor Polasek.png",
    "helmetColor": "ffffff",
    "suitTopFrontColor": "ffffff",
    "suitTopBackColor": "ffffff",
    "suitBottomFrontColor": "ffffff",
    "suitBottomBackColor": "e41000",
    "skisColor": "0a9bff"
  },
  {
    "id": "AUT-M-Tschofenig-Daniel#0",
    "lastName": "Tschofenig",
    "firstName": "Daniel",
    "countryCode": "AUT",
    "gender": "Male",
    "birthdate": "1999-08-22T00:00:00",
    "imagePath": "Daniel Tschofenig.png",
    "helmetColor": "ffffff",
    "suitTopFrontColor": "000000",
    "suitTopBackColor": "000000",
    "suitBottomFrontColor": "000000",
    "suitBottomBackColor": "000000",
    "skisColor": "ffffff"
  },
  {
    "id": "POL-M-Stoch-Kamil#0",
    "lastName": "Stoch",
    "firstName": "Kamil",
    "countryCode": "POL",
    "gender": "Male",
    "birthdate": "1999-08-22T00:00:00",
    "imagePath": "Kamil Stoch.png",
    "helmetColor": "c0f9ff",
    "suitTopFrontColor": "000000",
    "suitTopBackColor": "000000",
    "suitBottomFrontColor": "000000",
    "suitBottomBackColor": "000000",
    "skisColor": "9bff20"
  },
  {
    "id": "SLO-M-Prevc-Domen#0",
    "lastName": "Prevc",
    "firstName": "Domen",
    "countryCode": "SLO",
    "gender": "Male",
    "birthdate": "1999-08-22T00:00:00",
    "imagePath": "Domen Prevc.png",
    "helmetColor": "676767",
    "suitTopFrontColor": "ffffff",
    "suitTopBackColor": "ffffff",
    "suitBottomFrontColor": "ffffff",
    "suitBottomBackColor": "ffffff",
    "skisColor": "ffffff"
  },
  {
    "id": "JPN-M-Kobayashi-Ryoyu#0",
    "lastName": "Kobayashi",
    "firstName": "Ryoyu",
    "countryCode": "JPN",
    "gender": "Male",
    "birthdate": "1999-08-22T00:00:00",
    "imagePath": "Ryoyu Kobayashi.png",
    "helmetColor": "1819ff",
    "suitTopFrontColor": "000000",
    "suitTopBackColor": "000000",
    "suitBottomFrontColor": "000000",
    "suitBottomBackColor": "000000",
    "skisColor": "fbabe6"
  },
  {
    "id": "RUS-M-Mankov-Ilja#0",
    "lastName": "Mankov",
    "firstName": "Ilja",
    "countryCode": "RUS",
    "gender": "Male",
    "birthdate": "1999-08-22T00:00:00",
    "imagePath": "Ilja Mankov.png",
    "helmetColor": "fee120",
    "suitTopFrontColor": "000000",
    "suitTopBackColor": "000000",
    "suitBottomFrontColor": "000000",
    "suitBottomBackColor": "000000",
    "skisColor": "fbabe6"
  },
  {
    "id": "JPN-M-Nakamura-Naoki#0",
    "lastName": "Nakamura",
    "firstName": "Naoki",
    "countryCode": "JPN",
    "gender": "Male",
    "birthdate": "1999-08-22T00:00:00",
    "imagePath": "Naoki Nakamura.png",
    "helmetColor": "000000",
    "suitTopFrontColor": "0a9bff",
    "suitTopBackColor": "0a9bff",
    "suitBottomFrontColor": "0a9bff",
    "suitBottomBackColor": "ffffff",
    "skisColor": "9bff20"
  },
  {
    "id": "TUR-M-Cintimar-Muhammet_Irfan#0",
    "lastName": "Cintimar",
    "firstName": "Muhammet Irfan",
    "countryCode": "TUR",
    "gender": "Male",
    "birthdate": "1999-08-22T00:00:00",
    "imagePath": "Muhammet Irfan Cintimar.png",
    "helmetColor": "e41000",
    "suitTopFrontColor": "ffffff",
    "suitTopBackColor": "ffffff",
    "suitBottomFrontColor": "ffffff",
    "suitBottomBackColor": "ffffff",
    "skisColor": "0a9bff"
  },
  {
    "id": "AUT-M-Fettner-Manuel#0",
    "lastName": "Fettner",
    "firstName": "Manuel",
    "countryCode": "AUT",
    "gender": "Male",
    "birthdate": "1999-08-22T00:00:00",
    "imagePath": "Manuel Fettner.png",
    "helmetColor": "000000",
    "suitTopFrontColor": "000000",
    "suitTopBackColor": "000000",
    "suitBottomFrontColor": "000000",
    "suitBottomBackColor": "000000",
    "skisColor": "ffffff"
  },
  {
    "id": "ITA-M-Cecon-Francesco#0",
    "lastName": "Cecon",
    "firstName": "Francesco",
    "countryCode": "ITA",
    "gender": "Male",
    "birthdate": "1999-08-22T00:00:00",
    "imagePath": "Francesco Cecon.png",
    "helmetColor": "ffffff",
    "suitTopFrontColor": "ffffff",
    "suitTopBackColor": "000000",
    "suitBottomFrontColor": "ffffff",
    "suitBottomBackColor": "000000",
    "skisColor": "0a9bff"
  },
  {
    "id": "ROU-M-Feldorean-Andrei#0",
    "lastName": "Feldorean",
    "firstName": "Andrei",
    "countryCode": "ROU",
    "gender": "Male",
    "birthdate": "1999-08-22T00:00:00",
    "imagePath": "Andrei Feldorean.png",
    "helmetColor": "000000",
    "suitTopFrontColor": "0b1e4b",
    "suitTopBackColor": "0b1e4b",
    "suitBottomFrontColor": "0b1e4b",
    "suitBottomBackColor": "0b1e4b",
    "skisColor": "0a9bff"
  },
  {
    "id": "NOR-M-Granerud-Halvor_Egner#0",
    "lastName": "Granerud",
    "firstName": "Halvor Egner",
    "countryCode": "NOR",
    "gender": "Male",
    "birthdate": "1999-08-22T00:00:00",
    "imagePath": "Halvor Egner Granerud.png",
    "helmetColor": "ffffff",
    "suitTopFrontColor": "116fff",
    "suitTopBackColor": "116fff",
    "suitBottomFrontColor": "116fff",
    "suitBottomBackColor": "ffffff",
    "skisColor": "0a9bff"
  },
  {
    "id": "SLO-M-Lanisek-Anze#0",
    "lastName": "Lanisek",
    "firstName": "Anze",
    "countryCode": "SLO",
    "gender": "Male",
    "birthdate": "1999-08-22T00:00:00",
    "imagePath": "Anze Lanisek.png",
    "helmetColor": "9eff27",
    "suitTopFrontColor": "000000",
    "suitTopBackColor": "000000",
    "suitBottomFrontColor": "000000",
    "suitBottomBackColor": "000000",
    "skisColor": "0a9bff"
  },
  {
    "id": "SUI-M-Peier-Killian#0",
    "lastName": "Peier",
    "firstName": "Killian",
    "countryCode": "SUI",
    "gender": "Male",
    "birthdate": "1999-08-22T00:00:00",
    "imagePath": "Killian Peier.png",
    "helmetColor": "ffffff",
    "suitTopFrontColor": "0a133a",
    "suitTopBackColor": "0a133a",
    "suitBottomFrontColor": "0a133a",
    "suitBottomBackColor": "0a133a",
    "skisColor": "9bff20"
  },
  {
    "id": "AUT-M-Aschenwald-Philipp#0",
    "lastName": "Aschenwald",
    "firstName": "Philipp",
    "countryCode": "AUT",
    "gender": "Male",
    "birthdate": "1999-08-22T00:00:00",
    "imagePath": "Philipp Aschenwald.png",
    "helmetColor": "ff1e18",
    "suitTopFrontColor": "055f6a",
    "suitTopBackColor": "055f6a",
    "suitBottomFrontColor": "055f6a",
    "suitBottomBackColor": "055f6a",
    "skisColor": "9bff20"
  },
  {
    "id": "GER-M-Wellinger-Andreas#0",
    "lastName": "Wellinger",
    "firstName": "Andreas",
    "countryCode": "GER",
    "gender": "Male",
    "birthdate": "1999-08-22T00:00:00",
    "imagePath": "Andreas Wellinger.png",
    "helmetColor": "1819ff",
    "suitTopFrontColor": "0b1e4b",
    "suitTopBackColor": "0b1e4b",
    "suitBottomFrontColor": "0b1e4b",
    "suitBottomBackColor": "0b1e4b",
    "skisColor": "9bff20"
  },
  {
    "id": "SUI-M-Ammann-Simon#0",
    "lastName": "Ammann",
    "firstName": "Simon",
    "countryCode": "SUI",
    "gender": "Male",
    "birthdate": "1999-08-22T00:00:00",
    "imagePath": "Simon Ammann.png",
    "helmetColor": "ffffff",
    "suitTopFrontColor": "000000",
    "suitTopBackColor": "000000",
    "suitBottomFrontColor": "e41000",
    "suitBottomBackColor": "e41000",
    "skisColor": "9bff20"
  },
  {
    "id": "NOR-M-Forfang-Johann_Andre#0",
    "lastName": "Forfang",
    "firstName": "Johann Andre",
    "countryCode": "NOR",
    "gender": "Male",
    "birthdate": "1999-08-22T00:00:00",
    "imagePath": "Johann Andre Forfang.png",
    "helmetColor": "ffffff",
    "suitTopFrontColor": "3e5479",
    "suitTopBackColor": "3e5479",
    "suitBottomFrontColor": "3e5479",
    "suitBottomBackColor": "3e5479",
    "skisColor": "fbabe6"
  },
  {
    "id": "GER-M-Geiger-Karl#0",
    "lastName": "Geiger",
    "firstName": "Karl",
    "countryCode": "GER",
    "gender": "Male",
    "birthdate": "1999-08-22T00:00:00",
    "imagePath": "Karl Geiger.png",
    "helmetColor": "fbabe6",
    "suitTopFrontColor": "000000",
    "suitTopBackColor": "000000",
    "suitBottomFrontColor": "000000",
    "suitBottomBackColor": "000000",
    "skisColor": "9bff20"
  },
  {
    "id": "JPN-M-Sato-Yukiya#0",
    "lastName": "Sato",
    "firstName": "Yukiya",
    "countryCode": "JPN",
    "gender": "Male",
    "birthdate": "1999-08-22T00:00:00",
    "imagePath": "Yukiya Sato.png",
    "helmetColor": "ffffff",
    "suitTopFrontColor": "0a9bff",
    "suitTopBackColor": "0a9bff",
    "suitBottomFrontColor": "0a9bff",
    "suitBottomBackColor": "ffffff",
    "skisColor": "0a9bff"
  },
  {
    "id": "AUT-M-Huber-Daniel#0",
    "lastName": "Huber",
    "firstName": "Daniel",
    "countryCode": "AUT",
    "gender": "Male",
    "birthdate": "1999-08-22T00:00:00",
    "imagePath": "Daniel Huber.png",
    "helmetColor": "fbabe6",
    "suitTopFrontColor": "000000",
    "suitTopBackColor": "000000",
    "suitBottomFrontColor": "000000",
    "suitBottomBackColor": "000000",
    "skisColor": "9bff20"
  },
  {
    "id": "ROU-M-Cacina-Daniel_Andrei#0",
    "lastName": "Cacina",
    "firstName": "Daniel Andrei",
    "countryCode": "ROU",
    "gender": "Male",
    "birthdate": "1999-08-22T00:00:00",
    "imagePath": "Daniel Andrei Cacina.png",
    "helmetColor": "ffffff",
    "suitTopFrontColor": "0b1e4b",
    "suitTopBackColor": "0b1e4b",
    "suitBottomFrontColor": "0b1e4b",
    "suitBottomBackColor": "0b1e4b",
    "skisColor": "0a9bff"
  },
  {
    "id": "SLO-M-Kos-Lovro#0",
    "lastName": "Kos",
    "firstName": "Lovro",
    "countryCode": "SLO",
    "gender": "Male",
    "birthdate": "1999-08-22T00:00:00",
    "imagePath": "Lovro Kos.png",
    "helmetColor": "9eff27",
    "suitTopFrontColor": "000000",
    "suitTopBackColor": "000000",
    "suitBottomFrontColor": "000000",
    "suitBottomBackColor": "000000",
    "skisColor": "0a9bff"
  },
  {
    "id": "ITA-M-Bresadola-Giovanni#0",
    "lastName": "Bresadola",
    "firstName": "Giovanni",
    "countryCode": "ITA",
    "gender": "Male",
    "birthdate": "1999-08-22T00:00:00",
    "imagePath": "Giovanni Bresadola.png",
    "helmetColor": "ffffff",
    "suitTopFrontColor": "ffffff",
    "suitTopBackColor": "000000",
    "suitBottomFrontColor": "ffffff",
    "suitBottomBackColor": "000000",
    "skisColor": "0a9bff"
  },
  {
    "id": "RUS-M-Nazarov-Mikhail#0",
    "lastName": "Nazarov",
    "firstName": "Mikhail",
    "countryCode": "RUS",
    "gender": "Male",
    "birthdate": "1999-08-22T00:00:00",
    "imagePath": "Mikhail Nazarov.png",
    "helmetColor": "000000",
    "suitTopFrontColor": "2b241c",
    "suitTopBackColor": "ffffff",
    "suitBottomFrontColor": "2b241c",
    "suitBottomBackColor": "ffffff",
    "skisColor": "9bff20"
  },
  {
    "id": "POL-M-Zniszczol-Aleksander#0",
    "lastName": "Zniszczol",
    "firstName": "Aleksander",
    "countryCode": "POL",
    "gender": "Male",
    "birthdate": "1999-08-22T00:00:00",
    "imagePath": "Aleksander Zniszczol.png",
    "helmetColor": "000000",
    "suitTopFrontColor": "ffffff",
    "suitTopBackColor": "000000",
    "suitBottomFrontColor": "ffffff",
    "suitBottomBackColor": "000000",
    "skisColor": "9bff20"
  },
  {
    "id": "AUT-M-Schiffner-Markus#0",
    "lastName": "Schiffner",
    "firstName": "Markus",
    "countryCode": "AUT",
    "gender": "Male",
    "birthdate": "1999-08-22T00:00:00",
    "imagePath": "Markus Schiffner.png",
    "helmetColor": "000000",
    "suitTopFrontColor": "000000",
    "suitTopBackColor": "000000",
    "suitBottomFrontColor": "000000",
    "suitBottomBackColor": "000000",
    "skisColor": "ffffff"
  },
  {
    "id": "JPN-M-Kobayashi-Junshiro#0",
    "lastName": "Kobayashi",
    "firstName": "Junshiro",
    "countryCode": "JPN",
    "gender": "Male",
    "birthdate": "1999-08-22T00:00:00",
    "imagePath": "Junshiro Kobayashi.png",
    "helmetColor": "000000",
    "suitTopFrontColor": "3c4941",
    "suitTopBackColor": "3c4941",
    "suitBottomFrontColor": "3c4941",
    "suitBottomBackColor": "3c4941",
    "skisColor": "fbabe6"
  },
  {
    "id": "SLO-M-Prevc-Cene#0",
    "lastName": "Prevc",
    "firstName": "Cene",
    "countryCode": "SLO",
    "gender": "Male",
    "birthdate": "1999-08-22T00:00:00",
    "imagePath": "Cene Prevc.png",
    "helmetColor": "676767",
    "suitTopFrontColor": "116fff",
    "suitTopBackColor": "116fff",
    "suitBottomFrontColor": "116fff",
    "suitBottomBackColor": "116fff",
    "skisColor": "ffffff"
  },
  {
    "id": "RUS-M-Klimov-Evgeniy#0",
    "lastName": "Klimov",
    "firstName": "Evgeniy",
    "countryCode": "RUS",
    "gender": "Male",
    "birthdate": "1999-08-22T00:00:00",
    "imagePath": "Evgeniy Klimov.png",
    "helmetColor": "fee120",
    "suitTopFrontColor": "101b33",
    "suitTopBackColor": "101b33",
    "suitBottomFrontColor": "101b33",
    "suitBottomBackColor": "101b33",
    "skisColor": "fbabe6"
  },
  {
    "id": "NOR-M-Tande-Daniel_Andre#0",
    "lastName": "Tande",
    "firstName": "Daniel Andre",
    "countryCode": "NOR",
    "gender": "Male",
    "birthdate": "1999-08-22T00:00:00",
    "imagePath": "Daniel Andre Tande.png",
    "helmetColor": "ffffff",
    "suitTopFrontColor": "116fff",
    "suitTopBackColor": "116fff",
    "suitBottomFrontColor": "116fff",
    "suitBottomBackColor": "ffffff",
    "skisColor": "fbabe6"
  },
  {
    "id": "RUS-M-Sadreev-Danil#0",
    "lastName": "Sadreev",
    "firstName": "Danil",
    "countryCode": "RUS",
    "gender": "Male",
    "birthdate": "1999-08-22T00:00:00",
    "imagePath": "Danil Sadreev.png",
    "helmetColor": "fee120",
    "suitTopFrontColor": "ffffff",
    "suitTopBackColor": "ffffff",
    "suitBottomFrontColor": "e41000",
    "suitBottomBackColor": "e41000",
    "skisColor": "fbabe6"
  },
  {
    "id": "NOR-M-Johansson-Robert#0",
    "lastName": "Johansson",
    "firstName": "Robert",
    "countryCode": "NOR",
    "gender": "Male",
    "birthdate": "1999-08-22T00:00:00",
    "imagePath": "Robert Johansson.png",
    "helmetColor": "4c575d",
    "suitTopFrontColor": "000000",
    "suitTopBackColor": "000000",
    "suitBottomFrontColor": "000000",
    "suitBottomBackColor": "000000",
    "skisColor": "9bff20"
  },
  {
    "id": "BUL-M-Zografski-Vladimir#0",
    "lastName": "Zografski",
    "firstName": "Vladimir",
    "countryCode": "BUL",
    "gender": "Male",
    "birthdate": "1999-08-22T00:00:00",
    "imagePath": "Vladimir Zografski.png",
    "helmetColor": "ffffff",
    "suitTopFrontColor": "000000",
    "suitTopBackColor": "000000",
    "suitBottomFrontColor": "656565",
    "suitBottomBackColor": "000000",
    "skisColor": "9bff20"
  },
  {
    "id": "AUT-M-Kraft-Stefan#0",
    "lastName": "Kraft",
    "firstName": "Stefan",
    "countryCode": "AUT",
    "gender": "Male",
    "birthdate": "1999-08-22T00:00:00",
    "imagePath": "Stefan Kraft.png",
    "helmetColor": "fbabe6",
    "suitTopFrontColor": "ffffff",
    "suitTopBackColor": "ffffff",
    "suitBottomFrontColor": "ffffff",
    "suitBottomBackColor": "ffffff",
    "skisColor": "9bff20"
  },
  {
    "id": "USA-M-Dean-Decker#0",
    "lastName": "Dean",
    "firstName": "Decker",
    "countryCode": "USA",
    "gender": "Male",
    "birthdate": "1999-08-22T00:00:00",
    "imagePath": "Decker Dean.png",
    "helmetColor": "000000",
    "suitTopFrontColor": "000000",
    "suitTopBackColor": "000000",
    "suitBottomFrontColor": "000000",
    "suitBottomBackColor": "000000",
    "skisColor": "9bff20"
  }
]