[
  {
    "id": "NOR-M-Johansson-Robert#0",
    "lastName": "Johansson",
    "firstName": "Robert",
    "countryCode": "NOR",
    "gender": "Male",
    "birthdate": "1999-08-22T00:00:00",
    "imagePath": "Robert Johansson.png",
    "helmetColor": "4c575d",
    "suitTopFrontColor": "000000",
    "suitTopBackColor": "000000",
    "suitBottomFrontColor": "000000",
    "suitBottomBackColor": "000000",
    "skisColor": "9bff20"
  },
  {
    "id": "RUS-M-Nazarov-Mikhail#0",
    "lastName": "Nazarov",
    "firstName": "Mikhail",
    "countryCode": "RUS",
    "gender": "Male",
    "birthdate": "1999-08-22T00:00:00",
    "imagePath": "Mikhail Nazarov.png",
    "helmetColor": "000000",
    "suitTopFrontColor": "2b241c",
    "suitTopBackColor": "ffffff",
    "suitBottomFrontColor": "2b241c",
    "suitBottomBackColor": "ffffff",
    "skisColor": "9bff20"
  },
  {
    "id": "SUI-M-Peter-Dominik#0",
    "lastName": "Peter",
    "firstName": "Dominik",
    "countryCode": "SUI",
    "gender": "Male",
    "birthdate": "1999-08-22T00:00:00",
    "imagePath": "Dominik Peter.png",
    "helmetColor": "ffffff",
    "suitTopFrontColor": "969696",
    "suitTopBackColor": "969696",
    "suitBottomFrontColor": "ffffff",
    "suitBottomBackColor": "ffffff",
    "skisColor": "fbabe6"
  },
  {
    "id": "NOR-M-Granerud-Halvor_Egner#0",
    "lastName": "Granerud",
    "firstName": "Halvor Egner",
    "countryCode": "NOR",
    "gender": "Male",
    "birthdate": "1999-08-22T00:00:00",
    "imagePath": "Halvor Egner Granerud.png",
    "helmetColor": "ffffff",
    "suitTopFrontColor": "116fff",
    "suitTopBackColor": "116fff",
    "suitBottomFrontColor": "116fff",
    "suitBottomBackColor": "ffffff",
    "skisColor": "0a9bff"
  },
  {
    "id": "GER-M-Eisenbichler-Markus#0",
    "lastName": "Eisenbichler",
    "firstName": "Markus",
    "countryCode": "GER",
    "gender": "Male",
    "birthdate": "1999-08-22T00:00:00",
    "imagePath": "Markus Eisenbichler.png",
    "helmetColor": "ff1e18",
    "suitTopFrontColor": "000000",
    "suitTopBackColor": "000000",
    "suitBottomFrontColor": "000000",
    "suitBottomBackColor": "000000",
    "skisColor": "9bff20"
  },
  {
    "id": "SUI-M-Deschwanden-Gregor#0",
    "lastName": "Deschwanden",
    "firstName": "Gregor",
    "countryCode": "SUI",
    "gender": "Male",
    "birthdate": "1999-08-22T00:00:00",
    "imagePath": "Gregor Deschwanden.png",
    "helmetColor": "000000",
    "suitTopFrontColor": "000000",
    "suitTopBackColor": "ffffff",
    "suitBottomFrontColor": "000000",
    "suitBottomBackColor": "ffffff",
    "skisColor": "9bff20"
  },
  {
    "id": "RUS-M-Klimov-Evgeniy#0",
    "lastName": "Klimov",
    "firstName": "Evgeniy",
    "countryCode": "RUS",
    "gender": "Male",
    "birthdate": "1999-08-22T00:00:00",
    "imagePath": "Evgeniy Klimov.png",
    "helmetColor": "fee120",
    "suitTopFrontColor": "101b33",
    "suitTopBackColor": "101b33",
    "suitBottomFrontColor": "101b33",
    "suitBottomBackColor": "101b33",
    "skisColor": "fbabe6"
  },
  {
    "id": "USA-M-Urlaub-Andrew#0",
    "lastName": "Urlaub",
    "firstName": "Andrew",
    "countryCode": "USA",
    "gender": "Male",
    "birthdate": "1999-08-22T00:00:00",
    "imagePath": "Andrew Urlaub.png",
    "helmetColor": "000000",
    "suitTopFrontColor": "000000",
    "suitTopBackColor": "000000",
    "suitBottomFrontColor": "000000",
    "suitBottomBackColor": "000000",
    "skisColor": "9bff20"
  },
  {
    "id": "SLO-M-Prevc-Cene#0",
    "lastName": "Prevc",
    "firstName": "Cene",
    "countryCode": "SLO",
    "gender": "Male",
    "birthdate": "1999-08-22T00:00:00",
    "imagePath": "Cene Prevc.png",
    "helmetColor": "676767",
    "suitTopFrontColor": "116fff",
    "suitTopBackColor": "116fff",
    "suitBottomFrontColor": "116fff",
    "suitBottomBackColor": "116fff",
    "skisColor": "ffffff"
  },
  {
    "id": "SLO-M-Zajc-Timi#0",
    "lastName": "Zajc",
    "firstName": "Timi",
    "countryCode": "SLO",
    "gender": "Male",
    "birthdate": "1999-08-22T00:00:00",
    "imagePath": "Timi Zajc.png",
    "helmetColor": "ffffff",
    "suitTopFrontColor": "000000",
    "suitTopBackColor": "000000",
    "suitBottomFrontColor": "000000",
    "suitBottomBackColor": "000000",
    "skisColor": "0a9bff"
  },
  {
    "id": "AUT-M-Kraft-Stefan#0",
    "lastName": "Kraft",
    "firstName": "Stefan",
    "countryCode": "AUT",
    "gender": "Male",
    "birthdate": "1999-08-22T00:00:00",
    "imagePath": "Stefan Kraft.png",
    "helmetColor": "fbabe6",
    "suitTopFrontColor": "ffffff",
    "suitTopBackColor": "ffffff",
    "suitBottomFrontColor": "ffffff",
    "suitBottomBackColor": "ffffff",
    "skisColor": "9bff20"
  },
  {
    "id": "GER-M-Geiger-Karl#0",
    "lastName": "Geiger",
    "firstName": "Karl",
    "countryCode": "GER",
    "gender": "Male",
    "birthdate": "1999-08-22T00:00:00",
    "imagePath": "Karl Geiger.png",
    "helmetColor": "fbabe6",
    "suitTopFrontColor": "000000",
    "suitTopBackColor": "000000",
    "suitBottomFrontColor": "000000",
    "suitBottomBackColor": "000000",
    "skisColor": "9bff20"
  },
  {
    "id": "AUT-M-Huber-Daniel#0",
    "lastName": "Huber",
    "firstName": "Daniel",
    "countryCode": "AUT",
    "gender": "Male",
    "birthdate": "1999-08-22T00:00:00",
    "imagePath": "Daniel Huber.png",
    "helmetColor": "fbabe6",
    "suitTopFrontColor": "000000",
    "suitTopBackColor": "000000",
    "suitBottomFrontColor": "000000",
    "suitBottomBackColor": "000000",
    "skisColor": "9bff20"
  },
  {
    "id": "RUS-M-Trofimov-Roman_Sergeevich#0",
    "lastName": "Trofimov",
    "firstName": "Roman Sergeevich",
    "countryCode": "RUS",
    "gender": "Male",
    "birthdate": "1999-08-22T00:00:00",
    "imagePath": "Roman Sergeevich Trofimov.png",
    "helmetColor": "fee120",
    "suitTopFrontColor": "222222",
    "suitTopBackColor": "222222",
    "suitBottomFrontColor": "222222",
    "suitBottomBackColor": "222222",
    "skisColor": "0a9bff"
  },
  {
    "id": "USA-M-Larson-Casey#0",
    "lastName": "Larson",
    "firstName": "Casey",
    "countryCode": "USA",
    "gender": "Male",
    "birthdate": "1999-08-22T00:00:00",
    "imagePath": "Casey Larson.png",
    "helmetColor": "000000",
    "suitTopFrontColor": "969696",
    "suitTopBackColor": "969696",
    "suitBottomFrontColor": "969696",
    "suitBottomBackColor": "969696",
    "skisColor": "0a9bff"
  },
  {
    "id": "SLO-M-Prevc-Peter#0",
    "lastName": "Prevc",
    "firstName": "Peter",
    "countryCode": "SLO",
    "gender": "Male",
    "birthdate": "1999-08-22T00:00:00",
    "imagePath": "Peter Prevc.png",
    "helmetColor": "676767",
    "suitTopFrontColor": "ffffff",
    "suitTopBackColor": "ffffff",
    "suitBottomFrontColor": "ffffff",
    "suitBottomBackColor": "ffffff",
    "skisColor": "ffffff"
  },
  {
    "id": "POL-M-Zyla-Piotr#0",
    "lastName": "Zyla",
    "firstName": "Piotr",
    "countryCode": "POL",
    "gender": "Male",
    "birthdate": "1999-08-22T00:00:00",
    "imagePath": "Piotr Zyla.png",
    "helmetColor": "ffffff",
    "suitTopFrontColor": "295479",
    "suitTopBackColor": "295479",
    "suitBottomFrontColor": "295479",
    "suitBottomBackColor": "000000",
    "skisColor": "fbabe6"
  },
  {
    "id": "USA-M-Dean-Decker#0",
    "lastName": "Dean",
    "firstName": "Decker",
    "countryCode": "USA",
    "gender": "Male",
    "birthdate": "1999-08-22T00:00:00",
    "imagePath": "Decker Dean.png",
    "helmetColor": "000000",
    "suitTopFrontColor": "000000",
    "suitTopBackColor": "000000",
    "suitBottomFrontColor": "000000",
    "suitBottomBackColor": "000000",
    "skisColor": "9bff20"
  },
  {
    "id": "GER-M-Leyhe-Stephan#0",
    "lastName": "Leyhe",
    "firstName": "Stephan",
    "countryCode": "GER",
    "gender": "Male",
    "birthdate": "1999-08-22T00:00:00",
    "imagePath": "Stephan Leyhe.png",
    "helmetColor": "fbabe6",
    "suitTopFrontColor": "000000",
    "suitTopBackColor": "000000",
    "suitBottomFrontColor": "000000",
    "suitBottomBackColor": "000000",
    "skisColor": "9bff20"
  },
  {
    "id": "SUI-M-Peier-Killian#0",
    "lastName": "Peier",
    "firstName": "Killian",
    "countryCode": "SUI",
    "gender": "Male",
    "birthdate": "1999-08-22T00:00:00",
    "imagePath": "Killian Peier.png",
    "helmetColor": "ffffff",
    "suitTopFrontColor": "0a133a",
    "suitTopBackColor": "0a133a",
    "suitBottomFrontColor": "0a133a",
    "suitBottomBackColor": "0a133a",
    "skisColor": "9bff20"
  },
  {
    "id": "AUT-M-Hoerl-Jan#0",
    "lastName": "Hoerl",
    "firstName": "Jan",
    "countryCode": "AUT",
    "gender": "Male",
    "birthdate": "1999-08-22T00:00:00",
    "imagePath": "Jan Hoerl.png",
    "helmetColor": "fbabe6",
    "suitTopFrontColor": "32435a",
    "suitTopBackColor": "32435a",
    "suitBottomFrontColor": "32435a",
    "suitBottomBackColor": "32435a",
    "skisColor": "9bff20"
  },
  {
    "id": "NOR-M-Lindvik-Marius#0",
    "lastName": "Lindvik",
    "firstName": "Marius",
    "countryCode": "NOR",
    "gender": "Male",
    "birthdate": "1999-08-22T00:00:00",
    "imagePath": "Marius Lindvik.png",
    "helmetColor": "ffffff",
    "suitTopFrontColor": "116fff",
    "suitTopBackColor": "116fff",
    "suitBottomFrontColor": "116fff",
    "suitBottomBackColor": "116fff",
    "skisColor": "0a9bff"
  },
  {
    "id": "RUS-M-Sadreev-Danil#0",
    "lastName": "Sadreev",
    "firstName": "Danil",
    "countryCode": "RUS",
    "gender": "Male",
    "birthdate": "1999-08-22T00:00:00",
    "imagePath": "Danil Sadreev.png",
    "helmetColor": "fee120",
    "suitTopFrontColor": "ffffff",
    "suitTopBackColor": "ffffff",
    "suitBottomFrontColor": "e41000",
    "suitBottomBackColor": "e41000",
    "skisColor": "fbabe6"
  },
  {
    "id": "NOR-M-Tande-Daniel_Andre#0",
    "lastName": "Tande",
    "firstName": "Daniel Andre",
    "countryCode": "NOR",
    "gender": "Male",
    "birthdate": "1999-08-22T00:00:00",
    "imagePath": "Daniel Andre Tande.png",
    "helmetColor": "ffffff",
    "suitTopFrontColor": "116fff",
    "suitTopBackColor": "116fff",
    "suitBottomFrontColor": "116fff",
    "suitBottomBackColor": "ffffff",
    "skisColor": "fbabe6"
  },
  {
    "id": "POL-M-Kubacki-Dawid#0",
    "lastName": "Kubacki",
    "firstName": "Dawid",
    "countryCode": "POL",
    "gender": "Male",
    "birthdate": "1999-08-22T00:00:00",
    "imagePath": "Dawid Kubacki.png",
    "helmetColor": "fbabe6",
    "suitTopFrontColor": "0b1e4b",
    "suitTopBackColor": "0b1e4b",
    "suitBottomFrontColor": "0b1e4b",
    "suitBottomBackColor": "0b1e4b",
    "skisColor": "fbabe6"
  },
  {
    "id": "JPN-M-Sato-Keiichi#0",
    "lastName": "Sato",
    "firstName": "Keiichi",
    "countryCode": "JPN",
    "gender": "Male",
    "birthdate": "1999-08-22T00:00:00",
    "imagePath": "Keiichi Sato.png",
    "helmetColor": "ffffff",
    "suitTopFrontColor": "101b33",
    "suitTopBackColor": "101b33",
    "suitBottomFrontColor": "101b33",
    "suitBottomBackColor": "101b33",
    "skisColor": "9bff20"
  },
  {
    "id": "SUI-M-Schuler-Andreas#0",
    "lastName": "Schuler",
    "firstName": "Andreas",
    "countryCode": "SUI",
    "gender": "Male",
    "birthdate": "1999-08-22T00:00:00",
    "imagePath": "Andreas Schuler.png",
    "helmetColor": "ffffff",
    "suitTopFrontColor": "000000",
    "suitTopBackColor": "000000",
    "suitBottomFrontColor": "e41000",
    "suitBottomBackColor": "e41000",
    "skisColor": "9bff20"
  },
  {
    "id": "JPN-M-Kobayashi-Junshiro#0",
    "lastName": "Kobayashi",
    "firstName": "Junshiro",
    "countryCode": "JPN",
    "gender": "Male",
    "birthdate": "1999-08-22T00:00:00",
    "imagePath": "Junshiro Kobayashi.png",
    "helmetColor": "000000",
    "suitTopFrontColor": "3c4941",
    "suitTopBackColor": "3c4941",
    "suitBottomFrontColor": "3c4941",
    "suitBottomBackColor": "3c4941",
    "skisColor": "fbabe6"
  },
  {
    "id": "POL-M-Stoch-Kamil#0",
    "lastName": "Stoch",
    "firstName": "Kamil",
    "countryCode": "POL",
    "gender": "Male",
    "birthdate": "1999-08-22T00:00:00",
    "imagePath": "Kamil Stoch.png",
    "helmetColor": "c0f9ff",
    "suitTopFrontColor": "000000",
    "suitTopBackColor": "000000",
    "suitBottomFrontColor": "000000",
    "suitBottomBackColor": "000000",
    "skisColor": "9bff20"
  },
  {
    "id": "USA-M-Bickner-Kevin#0",
    "lastName": "Bickner",
    "firstName": "Kevin",
    "countryCode": "USA",
    "gender": "Male",
    "birthdate": "1999-08-22T00:00:00",
    "imagePath": "Kevin Bickner.png",
    "helmetColor": "000000",
    "suitTopFrontColor": "000000",
    "suitTopBackColor": "000000",
    "suitBottomFrontColor": "000000",
    "suitBottomBackColor": "000000",
    "skisColor": "9bff20"
  },
  {
    "id": "GER-M-Paschke-Pius#0",
    "lastName": "Paschke",
    "firstName": "Pius",
    "countryCode": "GER",
    "gender": "Male",
    "birthdate": "1999-08-22T00:00:00",
    "imagePath": "Pius Paschke.png",
    "helmetColor": "fbabe6",
    "suitTopFrontColor": "000000",
    "suitTopBackColor": "000000",
    "suitBottomFrontColor": "000000",
    "suitBottomBackColor": "000000",
    "skisColor": "9bff20"
  },
  {
    "id": "JPN-M-Sato-Yukiya#0",
    "lastName": "Sato",
    "firstName": "Yukiya",
    "countryCode": "JPN",
    "gender": "Male",
    "birthdate": "1999-08-22T00:00:00",
    "imagePath": "Yukiya Sato.png",
    "helmetColor": "ffffff",
    "suitTopFrontColor": "0a9bff",
    "suitTopBackColor": "0a9bff",
    "suitBottomFrontColor": "0a9bff",
    "suitBottomBackColor": "ffffff",
    "skisColor": "0a9bff"
  },
  {
    "id": "JPN-M-Nakamura-Naoki#0",
    "lastName": "Nakamura",
    "firstName": "Naoki",
    "countryCode": "JPN",
    "gender": "Male",
    "birthdate": "1999-08-22T00:00:00",
    "imagePath": "Naoki Nakamura.png",
    "helmetColor": "000000",
    "suitTopFrontColor": "0a9bff",
    "suitTopBackColor": "0a9bff",
    "suitBottomFrontColor": "0a9bff",
    "suitBottomBackColor": "ffffff",
    "skisColor": "9bff20"
  },
  {
    "id": "SLO-M-Lanisek-Anze#0",
    "lastName": "Lanisek",
    "firstName": "Anze",
    "countryCode": "SLO",
    "gender": "Male",
    "birthdate": "1999-08-22T00:00:00",
    "imagePath": "Anze Lanisek.png",
    "helmetColor": "9eff27",
    "suitTopFrontColor": "000000",
    "suitTopBackColor": "000000",
    "suitBottomFrontColor": "000000",
    "suitBottomBackColor": "000000",
    "skisColor": "0a9bff"
  },
  {
    "id": "AUT-M-Fettner-Manuel#0",
    "lastName": "Fettner",
    "firstName": "Manuel",
    "countryCode": "AUT",
    "gender": "Male",
    "birthdate": "1999-08-22T00:00:00",
    "imagePath": "Manuel Fettner.png",
    "helmetColor": "000000",
    "suitTopFrontColor": "000000",
    "suitTopBackColor": "000000",
    "suitBottomFrontColor": "000000",
    "suitBottomBackColor": "000000",
    "skisColor": "ffffff"
  },
  {
    "id": "POL-M-Stekala-Andrzej#0",
    "lastName": "Stekala",
    "firstName": "Andrzej",
    "countryCode": "POL",
    "gender": "Male",
    "birthdate": "1999-08-22T00:00:00",
    "imagePath": "Andrzej Stekala.png",
    "helmetColor": "ffffff",
    "suitTopFrontColor": "0600f6",
    "suitTopBackColor": "0600f6",
    "suitBottomFrontColor": "0600f6",
    "suitBottomBackColor": "0600f6",
    "skisColor": "9bff20"
  }
]