[{"name":"LPG 2021","competitorsIds":["AUT-M-Aigner-Clemens#0","AUT-M-Leitner-Clemens#0","AUT-M-Hoerl-Jan#0","AUT-M-Aschenwald-Philipp#0","AUT-M-Kahofer-Timon-Pascal#0","AUT-M-Kraft-Stefan#0","AUT-M-Diethart-Thomas#0","AUT-M-Huber-Daniel#0","AUT-M-Schiffner-Markus#0","AUT-M-Hayboeck-Michael#0","AUT-M-Schwann-Mika#0","AUT-M-Fettner-Manuel#0","AUT-M-Lackner-Thomas#0","AUT-M-Woergoetter-Marco#0","AUT-M-Bachlinger-Niklas#0","AUT-M-Wohlgenannt-Ulrich#0","AUT-M-Medwed-Elias#0","BUL-M-Zografski-Vladimir#0","CAN-M-Boyd-Clowes-Mackenzie#0","CAN-M-Soukup-Matthew#0","CHN-M-Qiwu-Song#0","CZE-M-Polasek-Viktor#0","CZE-M-Sakala-Filip#0","CZE-M-Holik-Frantisek#0","CZE-M-Kozisek-Cestmir#0","EST-M-Aigro-Artti#0","EST-M-Maltsev-Kevin#0","FIN-M-Kytosaho-Niko#0","FIN-M-Aalto-Antti#0","FIN-M-Nousiainen-Eetu#0","FIN-M-Pohjola-Arttu#0","FRA-M-Batby-Alessandro#0","FRA-M-Foubert-Valentin#0","FRA-M-Contamine-Mathis#0","GER-M-Schmid-Constantin#0","GER-M-Leyhe-Stephan#0","GER-M-Lisso-Justin#0","GER-M-Siegel-David#0","GER-M-Wellinger-Andreas#0","GER-M-Geiger-Karl#0","GER-M-Freitag-Richard#0","GER-M-Eisenbichler-Markus#0","GER-M-Paschke-Pius#0","GER-M-Freund-Severin#0","GER-M-Hamann-Martin#0","GER-M-Haas-Claudio#0","GER-M-Geyer-Luca#0","ITA-M-Cecon-Francesco#0","ITA-M-Bresadola-Giovanni#0","JPN-M-Iwasa-Yuken#0","JPN-M-Watanabe-Hiroaki#0","JPN-M-Sato-Keiichi#0","JPN-M-Kobayashi-Ryoyu#0","JPN-M-Nakamura-Naoki#0","JPN-M-Sato-Yukiya#0","JPN-M-Kobayashi-Junshiro#0","JPN-M-Ito-Daiki#0","JPN-M-Watanabe-Rikuta#0","JPN-M-Shimizu-Reruhi#0","JPN-M-Fujita-Shinnosuke#0","KAZ-M-Tkachenko-Sergey#0","KAZ-M-Vassilyev-Danil#0","KAZ-M-Muminov-Sabirzhan#0","KOR-M-Heung-Chul-Choi#0","NOR-M-Buskum-Andreas_Granerud#0","NOR-M-Ringen-Sondre#0","NOR-M-Lindvik-Marius#0","NOR-M-Heggli-Bendik_Jakobsen#0","NOR-M-Pedersen-Robin#0","NOR-M-Granerud-Halvor_Egner#0","NOR-M-Forfang-Johann_Andre#0","NOR-M-Tande-Daniel_Andre#0","NOR-M-Johansson-Robert#0","NOR-M-Eriksen-Sander_Vossan#0","NOR-M-Haare-Anders#0","POL-M-Pilch-Tomasz#0","POL-M-Krzak-Jaroslaw#0","POL-M-Wasek-Pawel#0","POL-M-Stekala-Andrzej#0","POL-M-Wolny-Jakub#0","POL-M-Muranka-Klemens#0","POL-M-Zniszczol-Aleksander#0","POL-M-Kot-Maciej#0","POL-M-Juroszek-Kacper#0","POL-M-Kubacki-Dawid#0","POL-M-Stoch-Kamil#0","POL-M-Zyla-Piotr#0","POL-M-Hula-Stefan#0","ROU-M-Feldorean-Andrei#0","ROU-M-Cacina-Daniel_Andrei#0","RUS-M-Kolobov-Maksim#0","RUS-M-Kotik-Kiril#0","RUS-M-Mustafin-Vladislav#0","RUS-M-Nazarov-Mikhail#0","RUS-M-Klimov-Evgeniy#0","RUS-M-Sadreev-Danil#0","RUS-M-Trofimov-Roman_Sergeevich#0","RUS-M-Maksimochkin-Mikhail#0","RUS-M-Mankov-Ilja#0","RUS-M-Purtov-Mikhail#0","SLO-M-Bombek-Jan#0","SLO-M-Zajc-Timi#0","SLO-M-Jelar-Ziga#0","SLO-M-Bartol-Tilen#0","SLO-M-Lanisek-Anze#0","SLO-M-Kos-Lovro#0","SLO-M-Semenic-Anze#0","SLO-M-Prevc-Peter#0","SLO-M-Prevc-Cene#0","SUI-M-Hauswirth-Sandro#0","SUI-M-Schuler-Andreas#0","SUI-M-Deschwanden-Gregor#0","SUI-M-Ammann-Simon#0","TUR-M-Cintimar-Muhammet_Irfan#0","TUR-M-Bedir-Muhammed_Ali#0","TUR-M-Ipcioglu-Fatih_Arda#0","UKR-M-Marusiak-Yevhen#0","UKR-M-Kaliniczenko-Vitalij#0","USA-M-Bickner-Kevin#0","USA-M-Larson-Casey#0","USA-M-Urlaub-Andrew#0","USA-M-Dean-Decker#0"],"teams":[{"teamName":"Austria","countryCode":"AUT","competitorsIds":["AUT-M-Aigner-Clemens#0","AUT-M-Leitner-Clemens#0","AUT-M-Hoerl-Jan#0","AUT-M-Aschenwald-Philipp#0","AUT-M-Kahofer-Timon-Pascal#0","AUT-M-Kraft-Stefan#0","AUT-M-Diethart-Thomas#0","AUT-M-Huber-Daniel#0","AUT-M-Schiffner-Markus#0","AUT-M-Hayboeck-Michael#0","AUT-M-Schwann-Mika#0","AUT-M-Fettner-Manuel#0","AUT-M-Lackner-Thomas#0","AUT-M-Woergoetter-Marco#0","AUT-M-Bachlinger-Niklas#0","AUT-M-Wohlgenannt-Ulrich#0","AUT-M-Medwed-Elias#0"]},{"teamName":"Bulgaria","countryCode":"BUL","competitorsIds":["BUL-M-Zografski-Vladimir#0"]},{"teamName":"Canada","countryCode":"CAN","competitorsIds":["CAN-M-Boyd-Clowes-Mackenzie#0","CAN-M-Soukup-Matthew#0"]},{"teamName":"China","countryCode":"CHN","competitorsIds":["CHN-M-Qiwu-Song#0"]},{"teamName":"Czech Republic","countryCode":"CZE","competitorsIds":["CZE-M-Polasek-Viktor#0","CZE-M-Sakala-Filip#0","CZE-M-Holik-Frantisek#0","CZE-M-Kozisek-Cestmir#0"]},{"teamName":"Estonia","countryCode":"EST","competitorsIds":["EST-M-Aigro-Artti#0","EST-M-Maltsev-Kevin#0"]},{"teamName":"Finland","countryCode":"FIN","competitorsIds":["FIN-M-Kytosaho-Niko#0","FIN-M-Aalto-Antti#0","FIN-M-Nousiainen-Eetu#0","FIN-M-Pohjola-Arttu#0"]},{"teamName":"France","countryCode":"FRA","competitorsIds":["FRA-M-Batby-Alessandro#0","FRA-M-Foubert-Valentin#0","FRA-M-Contamine-Mathis#0"]},{"teamName":"Germany","countryCode":"GER","competitorsIds":["GER-M-Schmid-Constantin#0","GER-M-Leyhe-Stephan#0","GER-M-Lisso-Justin#0","GER-M-Siegel-David#0","GER-M-Wellinger-Andreas#0","GER-M-Geiger-Karl#0","GER-M-Freitag-Richard#0","GER-M-Eisenbichler-Markus#0","GER-M-Paschke-Pius#0","GER-M-Freund-Severin#0","GER-M-Hamann-Martin#0","GER-M-Haas-Claudio#0","GER-M-Geyer-Luca#0"]},{"teamName":"Italy","countryCode":"ITA","competitorsIds":["ITA-M-Cecon-Francesco#0","ITA-M-Bresadola-Giovanni#0"]},{"teamName":"Japan","countryCode":"JPN","competitorsIds":["JPN-M-Iwasa-Yuken#0","JPN-M-Watanabe-Hiroaki#0","JPN-M-Sato-Keiichi#0","JPN-M-Kobayashi-Ryoyu#0","JPN-M-Nakamura-Naoki#0","JPN-M-Sato-Yukiya#0","JPN-M-Kobayashi-Junshiro#0","JPN-M-Ito-Daiki#0","JPN-M-Watanabe-Rikuta#0","JPN-M-Shimizu-Reruhi#0","JPN-M-Fujita-Shinnosuke#0"]},{"teamName":"Kazakhstan","countryCode":"KAZ","competitorsIds":["KAZ-M-Tkachenko-Sergey#0","KAZ-M-Vassilyev-Danil#0","KAZ-M-Muminov-Sabirzhan#0"]},{"teamName":"Korea, Republic Of","countryCode":"KOR","competitorsIds":["KOR-M-Heung-Chul-Choi#0"]},{"teamName":"Norway","countryCode":"NOR","competitorsIds":["NOR-M-Buskum-Andreas_Granerud#0","NOR-M-Ringen-Sondre#0","NOR-M-Lindvik-Marius#0","NOR-M-Heggli-Bendik_Jakobsen#0","NOR-M-Pedersen-Robin#0","NOR-M-Granerud-Halvor_Egner#0","NOR-M-Forfang-Johann_Andre#0","NOR-M-Tande-Daniel_Andre#0","NOR-M-Johansson-Robert#0","NOR-M-Eriksen-Sander_Vossan#0","NOR-M-Haare-Anders#0"]},{"teamName":"Poland","countryCode":"POL","competitorsIds":["POL-M-Pilch-Tomasz#0","POL-M-Krzak-Jaroslaw#0","POL-M-Wasek-Pawel#0","POL-M-Stekala-Andrzej#0","POL-M-Wolny-Jakub#0","POL-M-Muranka-Klemens#0","POL-M-Zniszczol-Aleksander#0","POL-M-Kot-Maciej#0","POL-M-Juroszek-Kacper#0","POL-M-Kubacki-Dawid#0","POL-M-Stoch-Kamil#0","POL-M-Zyla-Piotr#0","POL-M-Hula-Stefan#0"]},{"teamName":"Romania","countryCode":"ROU","competitorsIds":["ROU-M-Feldorean-Andrei#0","ROU-M-Cacina-Daniel_Andrei#0"]},{"teamName":"Russian Federation","countryCode":"RUS","competitorsIds":["RUS-M-Kolobov-Maksim#0","RUS-M-Kotik-Kiril#0","RUS-M-Mustafin-Vladislav#0","RUS-M-Nazarov-Mikhail#0","RUS-M-Klimov-Evgeniy#0","RUS-M-Sadreev-Danil#0","RUS-M-Trofimov-Roman_Sergeevich#0","RUS-M-Maksimochkin-Mikhail#0","RUS-M-Mankov-Ilja#0","RUS-M-Purtov-Mikhail#0"]},{"teamName":"Slovenia","countryCode":"SLO","competitorsIds":["SLO-M-Bombek-Jan#0","SLO-M-Zajc-Timi#0","SLO-M-Jelar-Ziga#0","SLO-M-Bartol-Tilen#0","SLO-M-Lanisek-Anze#0","SLO-M-Kos-Lovro#0","SLO-M-Semenic-Anze#0","SLO-M-Prevc-Peter#0","SLO-M-Prevc-Cene#0"]},{"teamName":"Switzerland","countryCode":"SUI","competitorsIds":["SUI-M-Hauswirth-Sandro#0","SUI-M-Schuler-Andreas#0","SUI-M-Deschwanden-Gregor#0","SUI-M-Ammann-Simon#0"]},{"teamName":"Turkey","countryCode":"TUR","competitorsIds":["TUR-M-Cintimar-Muhammet_Irfan#0","TUR-M-Bedir-Muhammed_Ali#0","TUR-M-Ipcioglu-Fatih_Arda#0"]},{"teamName":"Ukraine","countryCode":"UKR","competitorsIds":["UKR-M-Marusiak-Yevhen#0","UKR-M-Kaliniczenko-Vitalij#0"]},{"teamName":"United States","countryCode":"USA","competitorsIds":["USA-M-Bickner-Kevin#0","USA-M-Larson-Casey#0","USA-M-Urlaub-Andrew#0","USA-M-Dean-Decker#0"]}],"classifications":[{"name":"Summer Grand Prix","eventType":"Individual","classificationType":"Place","teamClassificationLimitType":0,"teamCompetitorsLimit":0,"medalPlaces":0,"events":[],"pointsTables":[{"name":"World Cup","value":[100,80,60,50,45,40,36,32,29,26,24,22,20,18,16,15,14,13,12,11,10,9,8,7,6,5,4,3,2,1]}],"leaderBibColor":"ffff00"},{"name":"Nations Cup","eventType":"Team","classificationType":"Place","teamClassificationLimitType":1,"teamCompetitorsLimit":30,"medalPlaces":0,"events":[],"pointsTables":[{"name":"World Cup","value":[100,80,60,50,45,40,36,32,29,26,24,22,20,18,16,15,14,13,12,11,10,9,8,7,6,5,4,3,2,1]},{"name":"Nations Cup","value":[400,350,300,250,200,150,100,50]}],"leaderBibColor":"ffff00"}],"events":[{"classifications":[],"eventType":"Individual","hillId":"Wisla HS134","hillSurface":"Matting","id":0,"roundInfos":{"name":"Qualification","roundInfos":[{"roundType":"Normal","outLimitType":"Normal","outLimit":50,"useOrdRank":[false,false,false,false],"disableJudgesMarks":false,"has95Rule":true,"reversedBibs":false,"reassignBibs":false,"gateCompensation":true,"windCompensation":true}]},"ordRankType":"None","ordRankId":0,"qualRankType":"None","qualRankId":0,"inLimitType":"None","inLimit":0,"preQualRankType":"None","preQualRankId":0,"preQualLimitType":"None","preQualLimit":0},{"classifications":[0,1],"eventType":"Individual","hillId":"Wisla HS134","hillSurface":"Matting","id":1,"roundInfos":{"name":"Individual2Rounds","roundInfos":[{"roundType":"Normal","outLimitType":"Normal","outLimit":30,"useOrdRank":[false,false,false,false],"disableJudgesMarks":false,"has95Rule":true,"reversedBibs":false,"reassignBibs":false,"gateCompensation":true,"windCompensation":true},{"roundType":"Normal","outLimitType":"None","outLimit":-1,"useOrdRank":[false,false,false,false],"disableJudgesMarks":false,"has95Rule":true,"reversedBibs":false,"reassignBibs":false,"gateCompensation":true,"windCompensation":true}]},"ordRankType":"Event","ordRankId":0,"qualRankType":"Event","qualRankId":0,"inLimitType":"None","inLimit":0,"preQualRankType":"None","preQualRankId":0,"preQualLimitType":"None","preQualLimit":0},{"classifications":[],"eventType":"Individual","hillId":"Wisla HS134","hillSurface":"Matting","id":2,"roundInfos":{"name":"Qualification","roundInfos":[{"roundType":"Normal","outLimitType":"Normal","outLimit":50,"useOrdRank":[false,false,false,false],"disableJudgesMarks":false,"has95Rule":true,"reversedBibs":false,"reassignBibs":false,"gateCompensation":true,"windCompensation":true}]},"ordRankType":"Classification","ordRankId":0,"qualRankType":"None","qualRankId":0,"inLimitType":"None","inLimit":0,"preQualRankType":"None","preQualRankId":0,"preQualLimitType":"None","preQualLimit":0},{"classifications":[0,1],"eventType":"Individual","hillId":"Wisla HS134","hillSurface":"Matting","id":3,"roundInfos":{"name":"Individual2Rounds","roundInfos":[{"roundType":"Normal","outLimitType":"Normal","outLimit":30,"useOrdRank":[false,false,false,false],"disableJudgesMarks":false,"has95Rule":true,"reversedBibs":false,"reassignBibs":false,"gateCompensation":true,"windCompensation":true},{"roundType":"Normal","outLimitType":"None","outLimit":-1,"useOrdRank":[false,false,false,false],"disableJudgesMarks":false,"has95Rule":true,"reversedBibs":false,"reassignBibs":false,"gateCompensation":true,"windCompensation":true}]},"ordRankType":"Classification","ordRankId":0,"qualRankType":"Event","qualRankId":2,"inLimitType":"None","inLimit":0,"preQualRankType":"None","preQualRankId":0,"preQualLimitType":"None","preQualLimit":0},{"classifications":[],"eventType":"Individual","hillId":"Courchevel HS135","hillSurface":"Matting","id":4,"roundInfos":{"name":"Qualification","roundInfos":[{"roundType":"Normal","outLimitType":"Normal","outLimit":50,"useOrdRank":[false,false,false,false],"disableJudgesMarks":false,"has95Rule":true,"reversedBibs":false,"reassignBibs":false,"gateCompensation":true,"windCompensation":true}]},"ordRankType":"Classification","ordRankId":0,"qualRankType":"None","qualRankId":0,"inLimitType":"None","inLimit":0,"preQualRankType":"None","preQualRankId":0,"preQualLimitType":"None","preQualLimit":0},{"classifications":[0,1],"eventType":"Individual","hillId":"Courchevel HS135","hillSurface":"Matting","id":5,"roundInfos":{"name":"Individual2Rounds","roundInfos":[{"roundType":"Normal","outLimitType":"Normal","outLimit":30,"useOrdRank":[false,false,false,false],"disableJudgesMarks":false,"has95Rule":true,"reversedBibs":false,"reassignBibs":false,"gateCompensation":true,"windCompensation":true},{"roundType":"Normal","outLimitType":"None","outLimit":-1,"useOrdRank":[false,false,false,false],"disableJudgesMarks":false,"has95Rule":true,"reversedBibs":false,"reassignBibs":false,"gateCompensation":true,"windCompensation":true}]},"ordRankType":"Classification","ordRankId":0,"qualRankType":"Event","qualRankId":4,"inLimitType":"None","inLimit":0,"preQualRankType":"None","preQualRankId":0,"preQualLimitType":"None","preQualLimit":0},{"classifications":[],"eventType":"Individual","hillId":"Schuchinsk HS99","hillSurface":"Matting","id":6,"roundInfos":{"name":"Qualification","roundInfos":[{"roundType":"Normal","outLimitType":"Normal","outLimit":50,"useOrdRank":[false,false,false,false],"disableJudgesMarks":false,"has95Rule":true,"reversedBibs":false,"reassignBibs":false,"gateCompensation":true,"windCompensation":true}]},"ordRankType":"Classification","ordRankId":0,"qualRankType":"None","qualRankId":0,"inLimitType":"None","inLimit":0,"preQualRankType":"None","preQualRankId":0,"preQualLimitType":"None","preQualLimit":0},{"classifications":[0,1],"eventType":"Individual","hillId":"Schuchinsk HS99","hillSurface":"Matting","id":7,"roundInfos":{"name":"Individual2Rounds","roundInfos":[{"roundType":"Normal","outLimitType":"Normal","outLimit":30,"useOrdRank":[false,false,false,false],"disableJudgesMarks":false,"has95Rule":true,"reversedBibs":false,"reassignBibs":false,"gateCompensation":true,"windCompensation":true},{"roundType":"Normal","outLimitType":"None","outLimit":-1,"useOrdRank":[false,false,false,false],"disableJudgesMarks":false,"has95Rule":true,"reversedBibs":false,"reassignBibs":false,"gateCompensation":true,"windCompensation":true}]},"ordRankType":"Classification","ordRankId":0,"qualRankType":"Event","qualRankId":6,"inLimitType":"None","inLimit":0,"preQualRankType":"None","preQualRankId":0,"preQualLimitType":"None","preQualLimit":0},{"classifications":[],"eventType":"Individual","hillId":"Schuchinsk HS99","hillSurface":"Matting","id":8,"roundInfos":{"name":"Qualification","roundInfos":[{"roundType":"Normal","outLimitType":"Normal","outLimit":50,"useOrdRank":[false,false,false,false],"disableJudgesMarks":false,"has95Rule":true,"reversedBibs":false,"reassignBibs":false,"gateCompensation":true,"windCompensation":true}]},"ordRankType":"Classification","ordRankId":0,"qualRankType":"None","qualRankId":0,"inLimitType":"None","inLimit":0,"preQualRankType":"None","preQualRankId":0,"preQualLimitType":"None","preQualLimit":0},{"classifications":[0,1],"eventType":"Individual","hillId":"Schuchinsk HS99","hillSurface":"Matting","id":9,"roundInfos":{"name":"Individual2Rounds","roundInfos":[{"roundType":"Normal","outLimitType":"Normal","outLimit":30,"useOrdRank":[false,false,false,false],"disableJudgesMarks":false,"has95Rule":true,"reversedBibs":false,"reassignBibs":false,"gateCompensation":true,"windCompensation":true},{"roundType":"Normal","outLimitType":"None","outLimit":-1,"useOrdRank":[false,false,false,false],"disableJudgesMarks":false,"has95Rule":true,"reversedBibs":false,"reassignBibs":false,"gateCompensation":true,"windCompensation":true}]},"ordRankType":"Classification","ordRankId":0,"qualRankType":"Event","qualRankId":8,"inLimitType":"None","inLimit":0,"preQualRankType":"None","preQualRankId":0,"preQualLimitType":"None","preQualLimit":0},{"classifications":[],"eventType":"Individual","hillId":"Chaikovsky HS140","hillSurface":"Matting","id":10,"roundInfos":{"name":"Qualification","roundInfos":[{"roundType":"Normal","outLimitType":"Normal","outLimit":50,"useOrdRank":[false,false,false,false],"disableJudgesMarks":false,"has95Rule":true,"reversedBibs":false,"reassignBibs":false,"gateCompensation":true,"windCompensation":true}]},"ordRankType":"Classification","ordRankId":0,"qualRankType":"None","qualRankId":0,"inLimitType":"None","inLimit":0,"preQualRankType":"None","preQualRankId":0,"preQualLimitType":"None","preQualLimit":0},{"classifications":[0,1],"eventType":"Individual","hillId":"Chaikovsky HS140","hillSurface":"Matting","id":11,"roundInfos":{"name":"Individual2Rounds","roundInfos":[{"roundType":"Normal","outLimitType":"Normal","outLimit":30,"useOrdRank":[false,false,false,false],"disableJudgesMarks":false,"has95Rule":true,"reversedBibs":false,"reassignBibs":false,"gateCompensation":true,"windCompensation":true},{"roundType":"Normal","outLimitType":"None","outLimit":-1,"useOrdRank":[false,false,false,false],"disableJudgesMarks":false,"has95Rule":true,"reversedBibs":false,"reassignBibs":false,"gateCompensation":true,"windCompensation":true}]},"ordRankType":"Classification","ordRankId":0,"qualRankType":"Event","qualRankId":10,"inLimitType":"None","inLimit":0,"preQualRankType":"None","preQualRankId":0,"preQualLimitType":"None","preQualLimit":0},{"classifications":[1],"eventType":"Team","hillId":"Chaikovsky HS140","hillSurface":"Matting","id":12,"roundInfos":{"name":"Team2Rounds","roundInfos":[{"roundType":"Normal","outLimitType":"Normal","outLimit":8,"useOrdRank":[true,true,true,true],"disableJudgesMarks":false,"has95Rule":true,"reversedBibs":false,"reassignBibs":false,"gateCompensation":true,"windCompensation":true},{"roundType":"Normal","outLimitType":"None","outLimit":-1,"useOrdRank":[true,true,true,false],"disableJudgesMarks":false,"has95Rule":true,"reversedBibs":false,"reassignBibs":false,"gateCompensation":true,"windCompensation":true}]},"ordRankType":"Classification","ordRankId":1,"qualRankType":"None","qualRankId":10,"inLimitType":"None","inLimit":0,"preQualRankType":"None","preQualRankId":0,"preQualLimitType":"None","preQualLimit":0},{"classifications":[],"eventType":"Individual","hillId":"Hinzenbach HS90","hillSurface":"Matting","id":13,"roundInfos":{"name":"Qualification","roundInfos":[{"roundType":"Normal","outLimitType":"Normal","outLimit":50,"useOrdRank":[false,false,false,false],"disableJudgesMarks":false,"has95Rule":true,"reversedBibs":false,"reassignBibs":false,"gateCompensation":true,"windCompensation":true}]},"ordRankType":"Classification","ordRankId":0,"qualRankType":"None","qualRankId":0,"inLimitType":"None","inLimit":0,"preQualRankType":"None","preQualRankId":0,"preQualLimitType":"None","preQualLimit":0},{"classifications":[0,1],"eventType":"Individual","hillId":"Hinzenbach HS90","hillSurface":"Matting","id":14,"roundInfos":{"name":"Individual2Rounds","roundInfos":[{"roundType":"Normal","outLimitType":"Normal","outLimit":30,"useOrdRank":[false,false,false,false],"disableJudgesMarks":false,"has95Rule":true,"reversedBibs":false,"reassignBibs":false,"gateCompensation":true,"windCompensation":true},{"roundType":"Normal","outLimitType":"None","outLimit":-1,"useOrdRank":[false,false,false,false],"disableJudgesMarks":false,"has95Rule":true,"reversedBibs":false,"reassignBibs":false,"gateCompensation":true,"windCompensation":true}]},"ordRankType":"Classification","ordRankId":0,"qualRankType":"Event","qualRankId":13,"inLimitType":"None","inLimit":0,"preQualRankType":"None","preQualRankId":0,"preQualLimitType":"None","preQualLimit":0},{"classifications":[],"eventType":"Individual","hillId":"Klingenthal HS140","hillSurface":"Matting","id":15,"roundInfos":{"name":"Qualification","roundInfos":[{"roundType":"Normal","outLimitType":"Normal","outLimit":50,"useOrdRank":[false,false,false,false],"disableJudgesMarks":false,"has95Rule":true,"reversedBibs":false,"reassignBibs":false,"gateCompensation":true,"windCompensation":true}]},"ordRankType":"Classification","ordRankId":0,"qualRankType":"None","qualRankId":0,"inLimitType":"None","inLimit":0,"preQualRankType":"None","preQualRankId":0,"preQualLimitType":"None","preQualLimit":0},{"classifications":[0,1],"eventType":"Individual","hillId":"Klingenthal HS140","hillSurface":"Matting","id":16,"roundInfos":{"name":"Individual2Rounds","roundInfos":[{"roundType":"Normal","outLimitType":"Normal","outLimit":30,"useOrdRank":[false,false,false,false],"disableJudgesMarks":false,"has95Rule":true,"reversedBibs":false,"reassignBibs":false,"gateCompensation":true,"windCompensation":true},{"roundType":"Normal","outLimitType":"None","outLimit":-1,"useOrdRank":[false,false,false,false],"disableJudgesMarks":false,"has95Rule":true,"reversedBibs":false,"reassignBibs":false,"gateCompensation":true,"windCompensation":true}]},"ordRankType":"Classification","ordRankId":0,"qualRankType":"Event","qualRankId":15,"inLimitType":"None","inLimit":0,"preQualRankType":"None","preQualRankId":0,"preQualLimitType":"None","preQualLimit":0}]}]