[
  {
    "id": "USA-M-Bickner-Kevin#0",
    "lastName": "Bickner",
    "firstName": "Kevin",
    "countryCode": "USA",
    "gender": "Male",
    "birthdate": "1999-08-22T00:00:00",
    "imagePath": "Kevin Bickner.png",
    "helmetColor": "ffffff",
    "suitTopFrontColor": "000000",
    "suitTopBackColor": "000000",
    "suitBottomFrontColor": "000000",
    "suitBottomBackColor": "000000",
    "skisColor": "9bff20"
  },
  {
    "id": "SLO-M-Bombek-Jan#0",
    "lastName": "Bombek",
    "firstName": "Jan",
    "countryCode": "SLO",
    "gender": "Male",
    "birthdate": "1999-08-22T00:00:00",
    "imagePath": "Jan Bombek.png",
    "helmetColor": "ffffff",
    "suitTopFrontColor": "000000",
    "suitTopBackColor": "000000",
    "suitBottomFrontColor": "000000",
    "suitBottomBackColor": "000000",
    "skisColor": "9bff20"
  },
  {
    "id": "FRA-M-Batby-Alessandro#0",
    "lastName": "Batby",
    "firstName": "Alessandro",
    "countryCode": "FRA",
    "gender": "Male",
    "birthdate": "1999-08-22T00:00:00",
    "imagePath": "Alessandro Batby.png",
    "helmetColor": "00e34f",
    "suitTopFrontColor": "416f91",
    "suitTopBackColor": "416f91",
    "suitBottomFrontColor": "416f91",
    "suitBottomBackColor": "416f91",
    "skisColor": "9bff20"
  },
  {
    "id": "KOR-M-Heung-Chul-Choi#0",
    "lastName": "Heung-Chul",
    "firstName": "Choi",
    "countryCode": "KOR",
    "gender": "Male",
    "birthdate": "1999-08-22T00:00:00",
    "imagePath": "Choi Heung-Chul.png",
    "helmetColor": "000000",
    "suitTopFrontColor": "ffffff",
    "suitTopBackColor": "ffffff",
    "suitBottomFrontColor": "ffffff",
    "suitBottomBackColor": "ffffff",
    "skisColor": "0a9bff"
  },
  {
    "id": "SUI-M-Hauswirth-Sandro#0",
    "lastName": "Hauswirth",
    "firstName": "Sandro",
    "countryCode": "SUI",
    "gender": "Male",
    "birthdate": "1999-08-22T00:00:00",
    "imagePath": "Sandro Hauswirth.png",
    "helmetColor": "ffffff",
    "suitTopFrontColor": "000000",
    "suitTopBackColor": "000000",
    "suitBottomFrontColor": "000000",
    "suitBottomBackColor": "000000",
    "skisColor": "fbabe6"
  },
  {
    "id": "AUT-M-Aigner-Clemens#0",
    "lastName": "Aigner",
    "firstName": "Clemens",
    "countryCode": "AUT",
    "gender": "Male",
    "birthdate": "1999-08-22T00:00:00",
    "imagePath": "Clemens Aigner.png",
    "helmetColor": "ffffff",
    "suitTopFrontColor": "000000",
    "suitTopBackColor": "000000",
    "suitBottomFrontColor": "000000",
    "suitBottomBackColor": "000000",
    "skisColor": "9bff20"
  },
  {
    "id": "POL-M-Pilch-Tomasz#0",
    "lastName": "Pilch",
    "firstName": "Tomasz",
    "countryCode": "POL",
    "gender": "Male",
    "birthdate": "1999-08-22T00:00:00",
    "imagePath": "Tomasz Pilch.png",
    "helmetColor": "ffffff",
    "suitTopFrontColor": "000000",
    "suitTopBackColor": "000000",
    "suitBottomFrontColor": "000000",
    "suitBottomBackColor": "000000",
    "skisColor": "9bff20"
  },
  {
    "id": "POL-M-Krzak-Jaroslaw#0",
    "lastName": "Krzak",
    "firstName": "Jaroslaw",
    "countryCode": "POL",
    "gender": "Male",
    "birthdate": "1999-08-22T00:00:00",
    "imagePath": "Jaroslaw Krzak.png",
    "helmetColor": "ffffff",
    "suitTopFrontColor": "000000",
    "suitTopBackColor": "000000",
    "suitBottomFrontColor": "000000",
    "suitBottomBackColor": "000000",
    "skisColor": "9bff20"
  },
  {
    "id": "NOR-M-Buskum-Andreas_Granerud#0",
    "lastName": "Buskum",
    "firstName": "Andreas Granerud",
    "countryCode": "NOR",
    "gender": "Male",
    "birthdate": "1999-08-22T00:00:00",
    "imagePath": "Andreas Granerud Buskum.png",
    "helmetColor": "ffffff",
    "suitTopFrontColor": "116fff",
    "suitTopBackColor": "116fff",
    "suitBottomFrontColor": "116fff",
    "suitBottomBackColor": "116fff",
    "skisColor": "9bff20"
  },
  {
    "id": "SLO-M-Zajc-Timi#0",
    "lastName": "Zajc",
    "firstName": "Timi",
    "countryCode": "SLO",
    "gender": "Male",
    "birthdate": "1999-08-22T00:00:00",
    "imagePath": "Timi Zajc.png",
    "helmetColor": "bcff5a",
    "suitTopFrontColor": "ffffff",
    "suitTopBackColor": "ffffff",
    "suitBottomFrontColor": "ffffff",
    "suitBottomBackColor": "003d39",
    "skisColor": "0a9bff"
  },
  {
    "id": "FIN-M-Kytosaho-Niko#0",
    "lastName": "Kytosaho",
    "firstName": "Niko",
    "countryCode": "FIN",
    "gender": "Male",
    "birthdate": "1999-08-22T00:00:00",
    "imagePath": "Niko Kytosaho.png",
    "helmetColor": "20c7ff",
    "suitTopFrontColor": "434343",
    "suitTopBackColor": "434343",
    "suitBottomFrontColor": "434343",
    "suitBottomBackColor": "434343",
    "skisColor": "0a9bff"
  },
  {
    "id": "GER-M-Schmid-Constantin#0",
    "lastName": "Schmid",
    "firstName": "Constantin",
    "countryCode": "GER",
    "gender": "Male",
    "birthdate": "1999-08-22T00:00:00",
    "imagePath": "Constantin Schmid.png",
    "helmetColor": "ff0d0d",
    "suitTopFrontColor": "000000",
    "suitTopBackColor": "000000",
    "suitBottomFrontColor": "000000",
    "suitBottomBackColor": "000000",
    "skisColor": "9bff20"
  },
  {
    "id": "EST-M-Aigro-Artti#0",
    "lastName": "Aigro",
    "firstName": "Artti",
    "countryCode": "EST",
    "gender": "Male",
    "birthdate": "1999-08-22T00:00:00",
    "imagePath": "Artti Aigro.png",
    "helmetColor": "ffffff",
    "suitTopFrontColor": "585858",
    "suitTopBackColor": "585858",
    "suitBottomFrontColor": "585858",
    "suitBottomBackColor": "585858",
    "skisColor": "9bff20"
  },
  {
    "id": "JPN-M-Iwasa-Yuken#0",
    "lastName": "Iwasa",
    "firstName": "Yuken",
    "countryCode": "JPN",
    "gender": "Male",
    "birthdate": "1999-08-22T00:00:00",
    "imagePath": "Yuken Iwasa.png",
    "helmetColor": "0a5ae1",
    "suitTopFrontColor": "351d16",
    "suitTopBackColor": "351d16",
    "suitBottomFrontColor": "351d16",
    "suitBottomBackColor": "052f79",
    "skisColor": "9bff20"
  },
  {
    "id": "KAZ-M-Tkachenko-Sergey#0",
    "lastName": "Tkachenko",
    "firstName": "Sergey",
    "countryCode": "KAZ",
    "gender": "Male",
    "birthdate": "1999-08-22T00:00:00",
    "imagePath": "Sergey Tkachenko.png",
    "helmetColor": "ffffff",
    "suitTopFrontColor": "000000",
    "suitTopBackColor": "000000",
    "suitBottomFrontColor": "000000",
    "suitBottomBackColor": "000000",
    "skisColor": "9bff20"
  },
  {
    "id": "NOR-M-Ringen-Sondre#0",
    "lastName": "Ringen",
    "firstName": "Sondre",
    "countryCode": "NOR",
    "gender": "Male",
    "birthdate": "1999-08-22T00:00:00",
    "imagePath": "Sondre Ringen.png",
    "helmetColor": "ffffff",
    "suitTopFrontColor": "116fff",
    "suitTopBackColor": "116fff",
    "suitBottomFrontColor": "116fff",
    "suitBottomBackColor": "116fff",
    "skisColor": "9bff20"
  },
  {
    "id": "POL-M-Wasek-Pawel#0",
    "lastName": "Wasek",
    "firstName": "Pawel",
    "countryCode": "POL",
    "gender": "Male",
    "birthdate": "1999-08-22T00:00:00",
    "imagePath": "Pawel Wasek.png",
    "helmetColor": "53c4ff",
    "suitTopFrontColor": "000000",
    "suitTopBackColor": "000000",
    "suitBottomFrontColor": "000000",
    "suitBottomBackColor": "000000",
    "skisColor": "fbabe6"
  },
  {
    "id": "RUS-M-Kolobov-Maksim#0",
    "lastName": "Kolobov",
    "firstName": "Maksim",
    "countryCode": "RUS",
    "gender": "Male",
    "birthdate": "1999-08-22T00:00:00",
    "imagePath": "Maksim Kolobov.png",
    "helmetColor": "ffffff",
    "suitTopFrontColor": "000000",
    "suitTopBackColor": "000000",
    "suitBottomFrontColor": "000000",
    "suitBottomBackColor": "000000",
    "skisColor": "0a9bff"
  },
  {
    "id": "USA-M-Larson-Casey#0",
    "lastName": "Larson",
    "firstName": "Casey",
    "countryCode": "USA",
    "gender": "Male",
    "birthdate": "1999-08-22T00:00:00",
    "imagePath": "Casey Larson.png",
    "helmetColor": "000000",
    "suitTopFrontColor": "000000",
    "suitTopBackColor": "000000",
    "suitBottomFrontColor": "4b1300",
    "suitBottomBackColor": "000000",
    "skisColor": "0a9bff"
  },
  {
    "id": "AUT-M-Leitner-Clemens#0",
    "lastName": "Leitner",
    "firstName": "Clemens",
    "countryCode": "AUT",
    "gender": "Male",
    "birthdate": "1999-08-22T00:00:00",
    "imagePath": "Clemens Leitner.png",
    "helmetColor": "ffa818",
    "suitTopFrontColor": "000000",
    "suitTopBackColor": "000000",
    "suitBottomFrontColor": "000000",
    "suitBottomBackColor": "ffffff",
    "skisColor": "9bff20"
  },
  {
    "id": "AUT-M-Hoerl-Jan#0",
    "lastName": "Hoerl",
    "firstName": "Jan",
    "countryCode": "AUT",
    "gender": "Male",
    "birthdate": "1999-08-22T00:00:00",
    "imagePath": "Jan Hoerl.png",
    "helmetColor": "fbabe6",
    "suitTopFrontColor": "434343",
    "suitTopBackColor": "434343",
    "suitBottomFrontColor": "434343",
    "suitBottomBackColor": "434343",
    "skisColor": "0a9bff"
  },
  {
    "id": "NOR-M-Lindvik-Marius#0",
    "lastName": "Lindvik",
    "firstName": "Marius",
    "countryCode": "NOR",
    "gender": "Male",
    "birthdate": "1999-08-22T00:00:00",
    "imagePath": "Marius Lindvik.png",
    "helmetColor": "ffffff",
    "suitTopFrontColor": "116fff",
    "suitTopBackColor": "116fff",
    "suitBottomFrontColor": "116fff",
    "suitBottomBackColor": "ffffff",
    "skisColor": "0a9bff"
  },
  {
    "id": "JPN-M-Watanabe-Hiroaki#0",
    "lastName": "Watanabe",
    "firstName": "Hiroaki",
    "countryCode": "JPN",
    "gender": "Male",
    "birthdate": "1999-08-22T00:00:00",
    "imagePath": "Hiroaki Watanabe.png",
    "helmetColor": "ffffff",
    "suitTopFrontColor": "000000",
    "suitTopBackColor": "000000",
    "suitBottomFrontColor": "000000",
    "suitBottomBackColor": "000000",
    "skisColor": "9bff20"
  },
  {
    "id": "GER-M-Leyhe-Stephan#0",
    "lastName": "Leyhe",
    "firstName": "Stephan",
    "countryCode": "GER",
    "gender": "Male",
    "birthdate": "1999-08-22T00:00:00",
    "imagePath": "Stephan Leyhe.png",
    "helmetColor": "000000",
    "suitTopFrontColor": "000000",
    "suitTopBackColor": "000000",
    "suitBottomFrontColor": "000000",
    "suitBottomBackColor": "000000",
    "skisColor": "9bff20"
  },
  {
    "id": "SLO-M-Jelar-Ziga#0",
    "lastName": "Jelar",
    "firstName": "Ziga",
    "countryCode": "SLO",
    "gender": "Male",
    "birthdate": "1999-08-22T00:00:00",
    "imagePath": "Ziga Jelar.png",
    "helmetColor": "bcff5a",
    "suitTopFrontColor": "353535",
    "suitTopBackColor": "353535",
    "suitBottomFrontColor": "353535",
    "suitBottomBackColor": "353535",
    "skisColor": "0a9bff"
  },
  {
    "id": "JPN-M-Sato-Keiichi#0",
    "lastName": "Sato",
    "firstName": "Keiichi",
    "countryCode": "JPN",
    "gender": "Male",
    "birthdate": "1999-08-22T00:00:00",
    "imagePath": "Keiichi Sato.png",
    "helmetColor": "ffffff",
    "suitTopFrontColor": "ffffff",
    "suitTopBackColor": "ffffff",
    "suitBottomFrontColor": "ffffff",
    "suitBottomBackColor": "2d2d2d",
    "skisColor": "9bff20"
  },
  {
    "id": "CZE-M-Polasek-Viktor#0",
    "lastName": "Polasek",
    "firstName": "Viktor",
    "countryCode": "CZE",
    "gender": "Male",
    "birthdate": "1999-08-22T00:00:00",
    "imagePath": "Viktor Polasek.png",
    "helmetColor": "f12eff",
    "suitTopFrontColor": "116fff",
    "suitTopBackColor": "116fff",
    "suitBottomFrontColor": "116fff",
    "suitBottomBackColor": "116fff",
    "skisColor": "0a9bff"
  },
  {
    "id": "GER-M-Lisso-Justin#0",
    "lastName": "Lisso",
    "firstName": "Justin",
    "countryCode": "GER",
    "gender": "Male",
    "birthdate": "1999-08-22T00:00:00",
    "imagePath": "Justin Lisso.png",
    "helmetColor": "000000",
    "suitTopFrontColor": "000000",
    "suitTopBackColor": "000000",
    "suitBottomFrontColor": "000000",
    "suitBottomBackColor": "000000",
    "skisColor": "9bff20"
  },
  {
    "id": "NOR-M-Heggli-Bendik_Jakobsen#0",
    "lastName": "Heggli",
    "firstName": "Bendik Jakobsen",
    "countryCode": "NOR",
    "gender": "Male",
    "birthdate": "1999-08-22T00:00:00",
    "imagePath": "Bendik Jakobsen Heggli.png",
    "helmetColor": "ffffff",
    "suitTopFrontColor": "ffffff",
    "suitTopBackColor": "ffffff",
    "suitBottomFrontColor": "ffffff",
    "suitBottomBackColor": "ffffff",
    "skisColor": "9bff20"
  },
  {
    "id": "SLO-M-Bartol-Tilen#0",
    "lastName": "Bartol",
    "firstName": "Tilen",
    "countryCode": "SLO",
    "gender": "Male",
    "birthdate": "1999-08-22T00:00:00",
    "imagePath": "Tilen Bartol.png",
    "helmetColor": "bcff5a",
    "suitTopFrontColor": "416f95",
    "suitTopBackColor": "416f95",
    "suitBottomFrontColor": "416f95",
    "suitBottomBackColor": "416f95",
    "skisColor": "0a9bff"
  },
  {
    "id": "JPN-M-Kobayashi-Ryoyu#0",
    "lastName": "Kobayashi",
    "firstName": "Ryoyu",
    "countryCode": "JPN",
    "gender": "Male",
    "birthdate": "1999-08-22T00:00:00",
    "imagePath": "Ryoyu Kobayashi.png",
    "helmetColor": "1819ff",
    "suitTopFrontColor": "ffffff",
    "suitTopBackColor": "ffffff",
    "suitBottomFrontColor": "ffffff",
    "suitBottomBackColor": "2d2d2d",
    "skisColor": "fbabe6"
  },
  {
    "id": "RUS-M-Kotik-Kiril#0",
    "lastName": "Kotik",
    "firstName": "Kiril",
    "countryCode": "RUS",
    "gender": "Male",
    "birthdate": "1999-08-22T00:00:00",
    "imagePath": "Kiril Kotik.png",
    "helmetColor": "446cff",
    "suitTopFrontColor": "ffffff",
    "suitTopBackColor": "ffffff",
    "suitBottomFrontColor": "ffffff",
    "suitBottomBackColor": "000000",
    "skisColor": "0a9bff"
  },
  {
    "id": "JPN-M-Nakamura-Naoki#0",
    "lastName": "Nakamura",
    "firstName": "Naoki",
    "countryCode": "JPN",
    "gender": "Male",
    "birthdate": "1999-08-22T00:00:00",
    "imagePath": "Naoki Nakamura.png",
    "helmetColor": "ff0d0d",
    "suitTopFrontColor": "4f2b21",
    "suitTopBackColor": "4f2b21",
    "suitBottomFrontColor": "4f2b21",
    "suitBottomBackColor": "ffffff",
    "skisColor": "9bff20"
  },
  {
    "id": "CZE-M-Sakala-Filip#0",
    "lastName": "Sakala",
    "firstName": "Filip",
    "countryCode": "CZE",
    "gender": "Male",
    "birthdate": "1999-08-22T00:00:00",
    "imagePath": "Filip Sakala.png",
    "helmetColor": "ffffff",
    "suitTopFrontColor": "116fff",
    "suitTopBackColor": "116fff",
    "suitBottomFrontColor": "116fff",
    "suitBottomBackColor": "116fff",
    "skisColor": "9bff20"
  },
  {
    "id": "NOR-M-Pedersen-Robin#0",
    "lastName": "Pedersen",
    "firstName": "Robin",
    "countryCode": "NOR",
    "gender": "Male",
    "birthdate": "1999-08-22T00:00:00",
    "imagePath": "Robin Pedersen.png",
    "helmetColor": "ffffff",
    "suitTopFrontColor": "116fff",
    "suitTopBackColor": "116fff",
    "suitBottomFrontColor": "116fff",
    "suitBottomBackColor": "ffffff",
    "skisColor": "0a9bff"
  },
  {
    "id": "GER-M-Siegel-David#0",
    "lastName": "Siegel",
    "firstName": "David",
    "countryCode": "GER",
    "gender": "Male",
    "birthdate": "1999-08-22T00:00:00",
    "imagePath": "David Siegel.png",
    "helmetColor": "e41100",
    "suitTopFrontColor": "000000",
    "suitTopBackColor": "000000",
    "suitBottomFrontColor": "000000",
    "suitBottomBackColor": "000000",
    "skisColor": "0a9bff"
  },
  {
    "id": "RUS-M-Mustafin-Vladislav#0",
    "lastName": "Mustafin",
    "firstName": "Vladislav",
    "countryCode": "RUS",
    "gender": "Male",
    "birthdate": "1999-08-22T00:00:00",
    "imagePath": "Vladislav Mustafin.png",
    "helmetColor": "ffffff",
    "suitTopFrontColor": "7998d1",
    "suitTopBackColor": "7998d1",
    "suitBottomFrontColor": "0b6b61",
    "suitBottomBackColor": "0b6b61",
    "skisColor": "9bff20"
  },
  {
    "id": "NOR-M-Granerud-Halvor_Egner#0",
    "lastName": "Granerud",
    "firstName": "Halvor Egner",
    "countryCode": "NOR",
    "gender": "Male",
    "birthdate": "1999-08-22T00:00:00",
    "imagePath": "Halvor Egner Granerud.png",
    "helmetColor": "ffffff",
    "suitTopFrontColor": "116fff",
    "suitTopBackColor": "116fff",
    "suitBottomFrontColor": "116fff",
    "suitBottomBackColor": "ffffff",
    "skisColor": "0a9bff"
  },
  {
    "id": "SLO-M-Lanisek-Anze#0",
    "lastName": "Lanisek",
    "firstName": "Anze",
    "countryCode": "SLO",
    "gender": "Male",
    "birthdate": "1999-08-22T00:00:00",
    "imagePath": "Anze Lanisek.png",
    "helmetColor": "bcff5a",
    "suitTopFrontColor": "000000",
    "suitTopBackColor": "000000",
    "suitBottomFrontColor": "000000",
    "suitBottomBackColor": "000000",
    "skisColor": "0a9bff"
  },
  {
    "id": "SUI-M-Schuler-Andreas#0",
    "lastName": "Schuler",
    "firstName": "Andreas",
    "countryCode": "SUI",
    "gender": "Male",
    "birthdate": "1999-08-22T00:00:00",
    "imagePath": "Andreas Schuler.png",
    "helmetColor": "ffffff",
    "suitTopFrontColor": "000000",
    "suitTopBackColor": "000000",
    "suitBottomFrontColor": "000000",
    "suitBottomBackColor": "000000",
    "skisColor": "9bff20"
  },
  {
    "id": "AUT-M-Aschenwald-Philipp#0",
    "lastName": "Aschenwald",
    "firstName": "Philipp",
    "countryCode": "AUT",
    "gender": "Male",
    "birthdate": "1999-08-22T00:00:00",
    "imagePath": "Philipp Aschenwald.png",
    "helmetColor": "e41000",
    "suitTopFrontColor": "434343",
    "suitTopBackColor": "434343",
    "suitBottomFrontColor": "434343",
    "suitBottomBackColor": "434343",
    "skisColor": "9bff20"
  },
  {
    "id": "GER-M-Wellinger-Andreas#0",
    "lastName": "Wellinger",
    "firstName": "Andreas",
    "countryCode": "GER",
    "gender": "Male",
    "birthdate": "1999-08-22T00:00:00",
    "imagePath": "Andreas Wellinger.png",
    "helmetColor": "1819ff",
    "suitTopFrontColor": "000000",
    "suitTopBackColor": "000000",
    "suitBottomFrontColor": "000000",
    "suitBottomBackColor": "000000",
    "skisColor": "9bff20"
  },
  {
    "id": "CZE-M-Holik-Frantisek#0",
    "lastName": "Holik",
    "firstName": "Frantisek",
    "countryCode": "CZE",
    "gender": "Male",
    "birthdate": "1999-08-22T00:00:00",
    "imagePath": "Frantisek Holik.png",
    "helmetColor": "f12eef",
    "suitTopFrontColor": "354b7c",
    "suitTopBackColor": "354b7c",
    "suitBottomFrontColor": "354b7c",
    "suitBottomBackColor": "354b7c",
    "skisColor": "fbabe6"
  },
  {
    "id": "NOR-M-Forfang-Johann_Andre#0",
    "lastName": "Forfang",
    "firstName": "Johann Andre",
    "countryCode": "NOR",
    "gender": "Male",
    "birthdate": "1999-08-22T00:00:00",
    "imagePath": "Johann Andre Forfang.png",
    "helmetColor": "ffffff",
    "suitTopFrontColor": "ffffff",
    "suitTopBackColor": "ffffff",
    "suitBottomFrontColor": "ffffff",
    "suitBottomBackColor": "ffffff",
    "skisColor": "fbabe6"
  },
  {
    "id": "POL-M-Stekala-Andrzej#0",
    "lastName": "Stekala",
    "firstName": "Andrzej",
    "countryCode": "POL",
    "gender": "Male",
    "birthdate": "1999-08-22T00:00:00",
    "imagePath": "Andrzej Stekala.png",
    "helmetColor": "ffffff",
    "suitTopFrontColor": "ffffff",
    "suitTopBackColor": "ffffff",
    "suitBottomFrontColor": "ffffff",
    "suitBottomBackColor": "000000",
    "skisColor": "9bff20"
  },
  {
    "id": "JPN-M-Sato-Yukiya#0",
    "lastName": "Sato",
    "firstName": "Yukiya",
    "countryCode": "JPN",
    "gender": "Male",
    "birthdate": "1999-08-22T00:00:00",
    "imagePath": "Yukiya Sato.png",
    "helmetColor": "ffffff",
    "suitTopFrontColor": "0a9bff",
    "suitTopBackColor": "0a9bff",
    "suitBottomFrontColor": "0a9bff",
    "suitBottomBackColor": "ffffff",
    "skisColor": "0a9bff"
  },
  {
    "id": "POL-M-Wolny-Jakub#0",
    "lastName": "Wolny",
    "firstName": "Jakub",
    "countryCode": "POL",
    "gender": "Male",
    "birthdate": "1999-08-22T00:00:00",
    "imagePath": "Jakub Wolny.png",
    "helmetColor": "0a49ff",
    "suitTopFrontColor": "434343",
    "suitTopBackColor": "434343",
    "suitBottomFrontColor": "434343",
    "suitBottomBackColor": "434343",
    "skisColor": "fbabe6"
  },
  {
    "id": "FIN-M-Aalto-Antti#0",
    "lastName": "Aalto",
    "firstName": "Antti",
    "countryCode": "FIN",
    "gender": "Male",
    "birthdate": "1999-08-22T00:00:00",
    "imagePath": "Antti Aalto.png",
    "helmetColor": "0055fa",
    "suitTopFrontColor": "203dff",
    "suitTopBackColor": "203dff",
    "suitBottomFrontColor": "203dff",
    "suitBottomBackColor": "203dff",
    "skisColor": "fbabe6"
  },
  {
    "id": "SLO-M-Kos-Lovro#0",
    "lastName": "Kos",
    "firstName": "Lovro",
    "countryCode": "SLO",
    "gender": "Male",
    "birthdate": "1999-08-22T00:00:00",
    "imagePath": "Lovro Kos.png",
    "helmetColor": "bcff5a",
    "suitTopFrontColor": "ffffff",
    "suitTopBackColor": "ffffff",
    "suitBottomFrontColor": "ffffff",
    "suitBottomBackColor": "ffffff",
    "skisColor": "0a9bff"
  },
  {
    "id": "KAZ-M-Vassilyev-Danil#0",
    "lastName": "Vassilyev",
    "firstName": "Danil",
    "countryCode": "KAZ",
    "gender": "Male",
    "birthdate": "1999-08-22T00:00:00",
    "imagePath": "Danil Vassiljev.png",
    "helmetColor": "ffffff",
    "suitTopFrontColor": "acacac",
    "suitTopBackColor": "acacac",
    "suitBottomFrontColor": "acacac",
    "suitBottomBackColor": "acacac",
    "skisColor": "0a9bff"
  },
  {
    "id": "RUS-M-Nazarov-Mikhail#0",
    "lastName": "Nazarov",
    "firstName": "Mikhail",
    "countryCode": "RUS",
    "gender": "Male",
    "birthdate": "1999-08-22T00:00:00",
    "imagePath": "Mikhail Nazarov.png",
    "helmetColor": "0e3c22",
    "suitTopFrontColor": "04003d",
    "suitTopBackColor": "04003d",
    "suitBottomFrontColor": "331a0b",
    "suitBottomBackColor": "04003d",
    "skisColor": "fbabe6"
  },
  {
    "id": "POL-M-Muranka-Klemens#0",
    "lastName": "Muranka",
    "firstName": "Klemens",
    "countryCode": "POL",
    "gender": "Male",
    "birthdate": "1999-08-22T00:00:00",
    "imagePath": "Klemens Muranka.png",
    "helmetColor": "14542d",
    "suitTopFrontColor": "ffffff",
    "suitTopBackColor": "ffffff",
    "suitBottomFrontColor": "ffffff",
    "suitBottomBackColor": "000000",
    "skisColor": "9bff20"
  },
  {
    "id": "AUT-M-Kahofer-Timon-Pascal#0",
    "lastName": "Kahofer",
    "firstName": "Timon-Pascal",
    "countryCode": "AUT",
    "gender": "Male",
    "birthdate": "1999-08-22T00:00:00",
    "imagePath": "Timon-Pascal Kahofer.png",
    "helmetColor": "000000",
    "suitTopFrontColor": "505f61",
    "suitTopBackColor": "505f61",
    "suitBottomFrontColor": "ffffff",
    "suitBottomBackColor": "505f61",
    "skisColor": "ffffff"
  },
  {
    "id": "UKR-M-Marusiak-Yevhen#0",
    "lastName": "Marusiak",
    "firstName": "Yevhen",
    "countryCode": "UKR",
    "gender": "Male",
    "birthdate": "1999-08-22T00:00:00",
    "imagePath": "Yevhen Marusiak.png",
    "helmetColor": "000094",
    "suitTopFrontColor": "3a230a",
    "suitTopBackColor": "3a230a",
    "suitBottomFrontColor": "3a230a",
    "suitBottomBackColor": "3a230a",
    "skisColor": "9bff20"
  },
  {
    "id": "POL-M-Zniszczol-Aleksander#0",
    "lastName": "Zniszczol",
    "firstName": "Aleksander",
    "countryCode": "POL",
    "gender": "Male",
    "birthdate": "1999-08-22T00:00:00",
    "imagePath": "Aleksander Zniszczol.png",
    "helmetColor": "ffffff",
    "suitTopFrontColor": "000000",
    "suitTopBackColor": "000000",
    "suitBottomFrontColor": "000000",
    "suitBottomBackColor": "000000",
    "skisColor": "9bff20"
  },
  {
    "id": "RUS-M-Klimov-Evgeniy#0",
    "lastName": "Klimov",
    "firstName": "Evgeniy",
    "countryCode": "RUS",
    "gender": "Male",
    "birthdate": "1999-08-22T00:00:00",
    "imagePath": "Evgeniy Klimov.png",
    "helmetColor": "ece500",
    "suitTopFrontColor": "44597b",
    "suitTopBackColor": "44597b",
    "suitBottomFrontColor": "44597b",
    "suitBottomBackColor": "44597b",
    "skisColor": "fbabe6"
  },
  {
    "id": "NOR-M-Tande-Daniel_Andre#0",
    "lastName": "Tande",
    "firstName": "Daniel Andre",
    "countryCode": "NOR",
    "gender": "Male",
    "birthdate": "1999-08-22T00:00:00",
    "imagePath": "Daniel Andre Tande.png",
    "helmetColor": "ffffff",
    "suitTopFrontColor": "116fff",
    "suitTopBackColor": "116fff",
    "suitBottomFrontColor": "116fff",
    "suitBottomBackColor": "ffffff",
    "skisColor": "fbabe6"
  },
  {
    "id": "RUS-M-Sadreev-Danil#0",
    "lastName": "Sadreev",
    "firstName": "Danil",
    "countryCode": "RUS",
    "gender": "Male",
    "birthdate": "1999-08-22T00:00:00",
    "imagePath": "Danil Sadreev.png",
    "helmetColor": "ffffff",
    "suitTopFrontColor": "000000",
    "suitTopBackColor": "000000",
    "suitBottomFrontColor": "000000",
    "suitBottomBackColor": "000000",
    "skisColor": "fbabe6"
  },
  {
    "id": "SLO-M-Semenic-Anze#0",
    "lastName": "Semenic",
    "firstName": "Anze",
    "countryCode": "SLO",
    "gender": "Male",
    "birthdate": "1999-08-22T00:00:00",
    "imagePath": "Anze Semenic.png",
    "helmetColor": "bcff5a",
    "suitTopFrontColor": "000000",
    "suitTopBackColor": "000000",
    "suitBottomFrontColor": "ffffff",
    "suitBottomBackColor": "000000",
    "skisColor": "0a9bff"
  },
  {
    "id": "BUL-M-Zografski-Vladimir#0",
    "lastName": "Zografski",
    "firstName": "Vladimir",
    "countryCode": "BUL",
    "gender": "Male",
    "birthdate": "1999-08-22T00:00:00",
    "imagePath": "Vladimir Zografski.png",
    "helmetColor": "ffffff",
    "suitTopFrontColor": "434343",
    "suitTopBackColor": "777777",
    "suitBottomFrontColor": "ffffff",
    "suitBottomBackColor": "434343",
    "skisColor": "9bff20"
  },
  {
    "id": "AUT-M-Kraft-Stefan#0",
    "lastName": "Kraft",
    "firstName": "Stefan",
    "countryCode": "AUT",
    "gender": "Male",
    "birthdate": "1999-08-22T00:00:00",
    "imagePath": "Stefan Kraft.png",
    "helmetColor": "ebabe6",
    "suitTopFrontColor": "ffffff",
    "suitTopBackColor": "ffffff",
    "suitBottomFrontColor": "ffffff",
    "suitBottomBackColor": "ffffff",
    "skisColor": "9bff20"
  },
  {
    "id": "GER-M-Geiger-Karl#0",
    "lastName": "Geiger",
    "firstName": "Karl",
    "countryCode": "GER",
    "gender": "Male",
    "birthdate": "1999-08-22T00:00:00",
    "imagePath": "Karl Geiger.png",
    "helmetColor": "fbabe6",
    "suitTopFrontColor": "000000",
    "suitTopBackColor": "000000",
    "suitBottomFrontColor": "000000",
    "suitBottomBackColor": "000000",
    "skisColor": "9bff20"
  },
  {
    "id": "AUT-M-Diethart-Thomas#0",
    "lastName": "Diethart",
    "firstName": "Thomas",
    "countryCode": "AUT",
    "gender": "Male",
    "birthdate": "1999-08-22T00:00:00",
    "imagePath": "Thomas Diethart.png",
    "helmetColor": "ffffff",
    "suitTopFrontColor": "000000",
    "suitTopBackColor": "000000",
    "suitBottomFrontColor": "000000",
    "suitBottomBackColor": "000000",
    "skisColor": "9bff20"
  },
  {
    "id": "AUT-M-Huber-Daniel#0",
    "lastName": "Huber",
    "firstName": "Daniel",
    "countryCode": "AUT",
    "gender": "Male",
    "birthdate": "1999-08-22T00:00:00",
    "imagePath": "Daniel Huber.png",
    "helmetColor": "fbabe6",
    "suitTopFrontColor": "848484",
    "suitTopBackColor": "848484",
    "suitBottomFrontColor": "848484",
    "suitBottomBackColor": "848484",
    "skisColor": "9bff20"
  },
  {
    "id": "SLO-M-Prevc-Peter#0",
    "lastName": "Prevc",
    "firstName": "Peter",
    "countryCode": "SLO",
    "gender": "Male",
    "birthdate": "1999-08-22T00:00:00",
    "imagePath": "Peter Prevc.png",
    "helmetColor": "bcff5a",
    "suitTopFrontColor": "2777ff",
    "suitTopBackColor": "2777ff",
    "suitBottomFrontColor": "2777ff",
    "suitBottomBackColor": "2777ff",
    "skisColor": "9bff20"
  },
  {
    "id": "AUT-M-Schiffner-Markus#0",
    "lastName": "Schiffner",
    "firstName": "Markus",
    "countryCode": "AUT",
    "gender": "Male",
    "birthdate": "1999-08-22T00:00:00",
    "imagePath": "Markus Schiffner.png",
    "helmetColor": "000000",
    "suitTopFrontColor": "000000",
    "suitTopBackColor": "000000",
    "suitBottomFrontColor": "000000",
    "suitBottomBackColor": "000000",
    "skisColor": "ffffff"
  },
  {
    "id": "ITA-M-Cecon-Francesco#0",
    "lastName": "Cecon",
    "firstName": "Francesco",
    "countryCode": "ITA",
    "gender": "Male",
    "birthdate": "1999-08-22T00:00:00",
    "imagePath": "Francesco Cecon.png",
    "helmetColor": "ffffff",
    "suitTopFrontColor": "000000",
    "suitTopBackColor": "000000",
    "suitBottomFrontColor": "000000",
    "suitBottomBackColor": "000000",
    "skisColor": "9bff20"
  },
  {
    "id": "CZE-M-Kozisek-Cestmir#0",
    "lastName": "Kozisek",
    "firstName": "Cestmir",
    "countryCode": "CZE",
    "gender": "Male",
    "birthdate": "1999-08-22T00:00:00",
    "imagePath": "Cestmir Kozisek.png",
    "helmetColor": "fbabe6",
    "suitTopFrontColor": "4490bd",
    "suitTopBackColor": "4490bd",
    "suitBottomFrontColor": "4490bd",
    "suitBottomBackColor": "4490bd",
    "skisColor": "fbabe6"
  },
  {
    "id": "GER-M-Freitag-Richard#0",
    "lastName": "Freitag",
    "firstName": "Richard",
    "countryCode": "GER",
    "gender": "Male",
    "birthdate": "1999-08-22T00:00:00",
    "imagePath": "Richard Freitag.png",
    "helmetColor": "e41100",
    "suitTopFrontColor": "000000",
    "suitTopBackColor": "000000",
    "suitBottomFrontColor": "000000",
    "suitBottomBackColor": "000000",
    "skisColor": "9bff20"
  },
  {
    "id": "CAN-M-Boyd-Clowes-Mackenzie#0",
    "lastName": "Boyd-Clowes",
    "firstName": "Mackenzie",
    "countryCode": "CAN",
    "gender": "Male",
    "birthdate": "1999-08-22T00:00:00",
    "imagePath": "Mackenzie Boyd-Clowes.png",
    "helmetColor": "ffffff",
    "suitTopFrontColor": "2e96ff",
    "suitTopBackColor": "2e96ff",
    "suitBottomFrontColor": "2e96ff",
    "suitBottomBackColor": "ffffff",
    "skisColor": "0a9bff"
  },
  {
    "id": "JPN-M-Kobayashi-Junshiro#0",
    "lastName": "Kobayashi",
    "firstName": "Junshiro",
    "countryCode": "JPN",
    "gender": "Male",
    "birthdate": "1999-08-22T00:00:00",
    "imagePath": "Junshiro Kobayashi.png",
    "helmetColor": "61000e",
    "suitTopFrontColor": "ffffff",
    "suitTopBackColor": "ffffff",
    "suitBottomFrontColor": "ffffff",
    "suitBottomBackColor": "2b3535",
    "skisColor": "fbabe6"
  },
  {
    "id": "POL-M-Kot-Maciej#0",
    "lastName": "Kot",
    "firstName": "Maciej",
    "countryCode": "POL",
    "gender": "Male",
    "birthdate": "1999-08-22T00:00:00",
    "imagePath": "Maciej Kot.png",
    "helmetColor": "0a7aff",
    "suitTopFrontColor": "4c575d",
    "suitTopBackColor": "4c575d",
    "suitBottomFrontColor": "4c575d",
    "suitBottomBackColor": "7d7d7d",
    "skisColor": "fbabe6"
  },
  {
    "id": "POL-M-Juroszek-Kacper#0",
    "lastName": "Juroszek",
    "firstName": "Kacper",
    "countryCode": "POL",
    "gender": "Male",
    "birthdate": "1999-08-22T00:00:00",
    "imagePath": "Kacper Juroszek.png",
    "helmetColor": "ffffff",
    "suitTopFrontColor": "000000",
    "suitTopBackColor": "000000",
    "suitBottomFrontColor": "000000",
    "suitBottomBackColor": "000000",
    "skisColor": "9bff20"
  },
  {
    "id": "GER-M-Eisenbichler-Markus#0",
    "lastName": "Eisenbichler",
    "firstName": "Markus",
    "countryCode": "GER",
    "gender": "Male",
    "birthdate": "1999-08-22T00:00:00",
    "imagePath": "Markus Eisenbichler.png",
    "helmetColor": "ff1e18",
    "suitTopFrontColor": "000000",
    "suitTopBackColor": "000000",
    "suitBottomFrontColor": "000000",
    "suitBottomBackColor": "000000",
    "skisColor": "9bff20"
  },
  {
    "id": "AUT-M-Hayboeck-Michael#0",
    "lastName": "Hayboeck",
    "firstName": "Michael",
    "countryCode": "AUT",
    "gender": "Male",
    "birthdate": "1999-08-22T00:00:00",
    "imagePath": "Michael Hayboeck.png",
    "helmetColor": "2ef4ff",
    "suitTopFrontColor": "000000",
    "suitTopBackColor": "000000",
    "suitBottomFrontColor": "000000",
    "suitBottomBackColor": "000000",
    "skisColor": "9bff20"
  },
  {
    "id": "SUI-M-Deschwanden-Gregor#0",
    "lastName": "Deschwanden",
    "firstName": "Gregor",
    "countryCode": "SUI",
    "gender": "Male",
    "birthdate": "1999-08-22T00:00:00",
    "imagePath": "Gregor Deschwanden.png",
    "helmetColor": "000000",
    "suitTopFrontColor": "0050ec",
    "suitTopBackColor": "0050ec",
    "suitBottomFrontColor": "0050ec",
    "suitBottomBackColor": "0050ec",
    "skisColor": "9bff20"
  },
  {
    "id": "GER-M-Paschke-Pius#0",
    "lastName": "Paschke",
    "firstName": "Pius",
    "countryCode": "GER",
    "gender": "Male",
    "birthdate": "1999-08-22T00:00:00",
    "imagePath": "Pius Paschke.png",
    "helmetColor": "fbabe6",
    "suitTopFrontColor": "000000",
    "suitTopBackColor": "000000",
    "suitBottomFrontColor": "000000",
    "suitBottomBackColor": "000000",
    "skisColor": "9bff20"
  },
  {
    "id": "NOR-M-Johansson-Robert#0",
    "lastName": "Johansson",
    "firstName": "Robert",
    "countryCode": "NOR",
    "gender": "Male",
    "birthdate": "1999-08-22T00:00:00",
    "imagePath": "Robert Johansson.png",
    "helmetColor": "ffffff",
    "suitTopFrontColor": "116fff",
    "suitTopBackColor": "116fff",
    "suitBottomFrontColor": "116fff",
    "suitBottomBackColor": "116fff",
    "skisColor": "9bff20"
  },
  {
    "id": "POL-M-Kubacki-Dawid#0",
    "lastName": "Kubacki",
    "firstName": "Dawid",
    "countryCode": "POL",
    "gender": "Male",
    "birthdate": "1999-08-22T00:00:00",
    "imagePath": "Dawid Kubacki.png",
    "helmetColor": "fbabe6",
    "suitTopFrontColor": "ffffff",
    "suitTopBackColor": "ffffff",
    "suitBottomFrontColor": "ffffff",
    "suitBottomBackColor": "000000",
    "skisColor": "fbabe6"
  },
  {
    "id": "AUT-M-Schwann-Mika#0",
    "lastName": "Schwann",
    "firstName": "Mika",
    "countryCode": "AUT",
    "gender": "Male",
    "birthdate": "1999-08-22T00:00:00",
    "imagePath": "Mika Schwann.png",
    "helmetColor": "000000",
    "suitTopFrontColor": "000000",
    "suitTopBackColor": "000000",
    "suitBottomFrontColor": "000000",
    "suitBottomBackColor": "000000",
    "skisColor": "9bff20"
  },
  {
    "id": "USA-M-Urlaub-Andrew#0",
    "lastName": "Urlaub",
    "firstName": "Andrew",
    "countryCode": "USA",
    "gender": "Male",
    "birthdate": "1999-08-22T00:00:00",
    "imagePath": "Andrew Urlaub.png",
    "helmetColor": "000000",
    "suitTopFrontColor": "ffffff",
    "suitTopBackColor": "ffffff",
    "suitBottomFrontColor": "ffffff",
    "suitBottomBackColor": "ffffff",
    "skisColor": "0a9bff"
  },
  {
    "id": "RUS-M-Trofimov-Roman_Sergeevich#0",
    "lastName": "Trofimov",
    "firstName": "Roman Sergeevich",
    "countryCode": "RUS",
    "gender": "Male",
    "birthdate": "1999-08-22T00:00:00",
    "imagePath": "Roman Sergeevich Trofimov.png",
    "helmetColor": "ece500",
    "suitTopFrontColor": "3a230a",
    "suitTopBackColor": "3a230a",
    "suitBottomFrontColor": "3a230a",
    "suitBottomBackColor": "3a230a",
    "skisColor": "fbabe6"
  },
  {
    "id": "CHN-M-Qiwu-Song#0",
    "lastName": "Qiwu",
    "firstName": "Song",
    "countryCode": "CHN",
    "gender": "Male",
    "birthdate": "1999-08-22T00:00:00",
    "imagePath": "Song Qiwu.png",
    "helmetColor": "ffffff",
    "suitTopFrontColor": "000000",
    "suitTopBackColor": "000000",
    "suitBottomFrontColor": "000000",
    "suitBottomBackColor": "000000",
    "skisColor": "9bff20"
  },
  {
    "id": "RUS-M-Maksimochkin-Mikhail#0",
    "lastName": "Maksimochkin",
    "firstName": "Mikhail",
    "countryCode": "RUS",
    "gender": "Male",
    "birthdate": "1999-08-22T00:00:00",
    "imagePath": "Mikhail Maksimochkin.png",
    "helmetColor": "ffffff",
    "suitTopFrontColor": "000000",
    "suitTopBackColor": "000000",
    "suitBottomFrontColor": "207aff",
    "suitBottomBackColor": "000000",
    "skisColor": "9bff20"
  },
  {
    "id": "GER-M-Freund-Severin#0",
    "lastName": "Freund",
    "firstName": "Severin",
    "countryCode": "GER",
    "gender": "Male",
    "birthdate": "1999-08-22T00:00:00",
    "imagePath": "Severin Freund.png",
    "helmetColor": "fbabe6",
    "suitTopFrontColor": "000000",
    "suitTopBackColor": "000000",
    "suitBottomFrontColor": "000000",
    "suitBottomBackColor": "000000",
    "skisColor": "9bff20"
  },
  {
    "id": "POL-M-Stoch-Kamil#0",
    "lastName": "Stoch",
    "firstName": "Kamil",
    "countryCode": "POL",
    "gender": "Male",
    "birthdate": "1999-08-22T00:00:00",
    "imagePath": "Kamil Stoch.png",
    "helmetColor": "c0f9ff",
    "suitTopFrontColor": "4c575d",
    "suitTopBackColor": "4c575d",
    "suitBottomFrontColor": "4c575d",
    "suitBottomBackColor": "4c575d",
    "skisColor": "9bff20"
  },
  {
    "id": "SLO-M-Prevc-Cene#0",
    "lastName": "Prevc",
    "firstName": "Cene",
    "countryCode": "SLO",
    "gender": "Male",
    "birthdate": "1999-08-22T00:00:00",
    "imagePath": "Cene Prevc.png",
    "helmetColor": "bcff5a",
    "suitTopFrontColor": "000000",
    "suitTopBackColor": "000000",
    "suitBottomFrontColor": "000000",
    "suitBottomBackColor": "000000",
    "skisColor": "0a9bff"
  },
  {
    "id": "POL-M-Zyla-Piotr#0",
    "lastName": "Zyla",
    "firstName": "Piotr",
    "countryCode": "POL",
    "gender": "Male",
    "birthdate": "1999-08-22T00:00:00",
    "imagePath": "Piotr Zyla.png",
    "helmetColor": "ffffff",
    "suitTopFrontColor": "295479",
    "suitTopBackColor": "295479",
    "suitBottomFrontColor": "295479",
    "suitBottomBackColor": "000000",
    "skisColor": "fbabe6"
  },
  {
    "id": "POL-M-Hula-Stefan#0",
    "lastName": "Hula",
    "firstName": "Stefan",
    "countryCode": "POL",
    "gender": "Male",
    "birthdate": "1999-08-22T00:00:00",
    "imagePath": "Stefan Hula.png",
    "helmetColor": "d4d4d4",
    "suitTopFrontColor": "000000",
    "suitTopBackColor": "000000",
    "suitBottomFrontColor": "000000",
    "suitBottomBackColor": "000000",
    "skisColor": "0a9bff"
  },
  {
    "id": "JPN-M-Ito-Daiki#0",
    "lastName": "Ito",
    "firstName": "Daiki",
    "countryCode": "JPN",
    "gender": "Male",
    "birthdate": "1999-08-22T00:00:00",
    "imagePath": "Daiki Ito.png",
    "helmetColor": "5a0700",
    "suitTopFrontColor": "000000",
    "suitTopBackColor": "000000",
    "suitBottomFrontColor": "000000",
    "suitBottomBackColor": "000000",
    "skisColor": "9bff20"
  },
  {
    "id": "AUT-M-Fettner-Manuel#0",
    "lastName": "Fettner",
    "firstName": "Manuel",
    "countryCode": "AUT",
    "gender": "Male",
    "birthdate": "1999-08-22T00:00:00",
    "imagePath": "Manuel Fettner.png",
    "helmetColor": "000000",
    "suitTopFrontColor": "ffffff",
    "suitTopBackColor": "ffffff",
    "suitBottomFrontColor": "000000",
    "suitBottomBackColor": "ffffff",
    "skisColor": "ffffff"
  },
  {
    "id": "UKR-M-Kaliniczenko-Vitalij#0",
    "lastName": "Kaliniczenko",
    "firstName": "Vitalij",
    "countryCode": "UKR",
    "gender": "Male",
    "birthdate": "1999-08-22T00:00:00",
    "imagePath": "Vitalij Kaliniczenko.png",
    "helmetColor": "000000",
    "suitTopFrontColor": "3a230a",
    "suitTopBackColor": "3a230a",
    "suitBottomFrontColor": "3a230a",
    "suitBottomBackColor": "3a230a",
    "skisColor": "9bff20"
  },
  {
    "id": "ROU-M-Feldorean-Andrei#0",
    "lastName": "Feldorean",
    "firstName": "Andrei",
    "countryCode": "ROU",
    "gender": "Male",
    "birthdate": "1999-08-22T00:00:00",
    "imagePath": "Andrei Feldorean.png",
    "helmetColor": "ffffff",
    "suitTopFrontColor": "444999",
    "suitTopBackColor": "444555",
    "suitBottomFrontColor": "444555",
    "suitBottomBackColor": "444999",
    "skisColor": "0a9bff"
  },
  {
    "id": "JPN-M-Watanabe-Rikuta#0",
    "lastName": "Watanabe",
    "firstName": "Rikuta",
    "countryCode": "JPN",
    "gender": "Male",
    "birthdate": "1999-08-22T00:00:00",
    "imagePath": "Rikuta Watanabe.png",
    "helmetColor": "ffffff",
    "suitTopFrontColor": "000000",
    "suitTopBackColor": "000000",
    "suitBottomFrontColor": "000000",
    "suitBottomBackColor": "000000",
    "skisColor": "9bff20"
  },
  {
    "id": "ROU-M-Cacina-Daniel_Andrei#0",
    "lastName": "Cacina",
    "firstName": "Daniel Andrei",
    "countryCode": "ROU",
    "gender": "Male",
    "birthdate": "1999-08-22T00:00:00",
    "imagePath": "Daniel Andrei Cacina.png",
    "helmetColor": "000000",
    "suitTopFrontColor": "44597b",
    "suitTopBackColor": "44597b",
    "suitBottomFrontColor": "44597b",
    "suitBottomBackColor": "44597b",
    "skisColor": "0a9bff"
  },
  {
    "id": "SUI-M-Ammann-Simon#0",
    "lastName": "Ammann",
    "firstName": "Simon",
    "countryCode": "SUI",
    "gender": "Male",
    "birthdate": "1999-08-22T00:00:00",
    "imagePath": "Simon Ammann.png",
    "helmetColor": "ffffff",
    "suitTopFrontColor": "000000",
    "suitTopBackColor": "000000",
    "suitBottomFrontColor": "000000",
    "suitBottomBackColor": "000000",
    "skisColor": "9bff20"
  },
  {
    "id": "JPN-M-Shimizu-Reruhi#0",
    "lastName": "Shimizu",
    "firstName": "Reruhi",
    "countryCode": "JPN",
    "gender": "Male",
    "birthdate": "1999-08-22T00:00:00",
    "imagePath": "Reruhi Shimizu.png",
    "helmetColor": "ffffff",
    "suitTopFrontColor": "000000",
    "suitTopBackColor": "000000",
    "suitBottomFrontColor": "000000",
    "suitBottomBackColor": "000000",
    "skisColor": "9bff20"
  },
  {
    "id": "USA-M-Dean-Decker#0",
    "lastName": "Dean",
    "firstName": "Decker",
    "countryCode": "USA",
    "gender": "Male",
    "birthdate": "1999-08-22T00:00:00",
    "imagePath": "Decker Dean.png",
    "helmetColor": "000000",
    "suitTopFrontColor": "000000",
    "suitTopBackColor": "000000",
    "suitBottomFrontColor": "636363",
    "suitBottomBackColor": "000000",
    "skisColor": "0a9bff"
  },
  {
    "id": "RUS-M-Mankov-Ilja#0",
    "lastName": "Mankov",
    "firstName": "Ilja",
    "countryCode": "RUS",
    "gender": "Male",
    "birthdate": "1999-08-22T00:00:00",
    "imagePath": "Ilja Mankov.png",
    "helmetColor": "ffffff",
    "suitTopFrontColor": "0062ce",
    "suitTopBackColor": "0062ce",
    "suitBottomFrontColor": "0062ce",
    "suitBottomBackColor": "0062ce",
    "skisColor": "0a9bff"
  },
  {
    "id": "AUT-M-Lackner-Thomas#0",
    "lastName": "Lackner",
    "firstName": "Thomas",
    "countryCode": "AUT",
    "gender": "Male",
    "birthdate": "1999-08-22T00:00:00",
    "imagePath": "Thomas Lackner.png",
    "helmetColor": "ffa83b",
    "suitTopFrontColor": "000000",
    "suitTopBackColor": "000000",
    "suitBottomFrontColor": "000000",
    "suitBottomBackColor": "000000",
    "skisColor": "ffffff"
  },
  {
    "id": "JPN-M-Fujita-Shinnosuke#0",
    "lastName": "Fujita",
    "firstName": "Shinnosuke",
    "countryCode": "JPN",
    "gender": "Male",
    "birthdate": "1999-08-22T00:00:00",
    "imagePath": "Shinnosuke Fujita.png",
    "helmetColor": "ffffff",
    "suitTopFrontColor": "000000",
    "suitTopBackColor": "000000",
    "suitBottomFrontColor": "000000",
    "suitBottomBackColor": "000000",
    "skisColor": "9bff20"
  },
  {
    "id": "RUS-M-Purtov-Mikhail#0",
    "lastName": "Purtov",
    "firstName": "Mikhail",
    "countryCode": "RUS",
    "gender": "Male",
    "birthdate": "1999-08-22T00:00:00",
    "imagePath": "Mikhail Purtov.png",
    "helmetColor": "ece500",
    "suitTopFrontColor": "ffffff",
    "suitTopBackColor": "ffffff",
    "suitBottomFrontColor": "ffffff",
    "suitBottomBackColor": "3a230a",
    "skisColor": "fbabe6"
  },
  {
    "id": "AUT-M-Woergoetter-Marco#0",
    "lastName": "Woergoetter",
    "firstName": "Marco",
    "countryCode": "AUT",
    "gender": "Male",
    "birthdate": "1999-08-22T00:00:00",
    "imagePath": "Marco Woergoetter.png",
    "helmetColor": "ffffff",
    "suitTopFrontColor": "000000",
    "suitTopBackColor": "000000",
    "suitBottomFrontColor": "000000",
    "suitBottomBackColor": "000000",
    "skisColor": "9bff20"
  },
  {
    "id": "CAN-M-Soukup-Matthew#0",
    "lastName": "Soukup",
    "firstName": "Matthew",
    "countryCode": "CAN",
    "gender": "Male",
    "birthdate": "1999-08-22T00:00:00",
    "imagePath": "Matthew Soukup.png",
    "helmetColor": "ffffff",
    "suitTopFrontColor": "601f10",
    "suitTopBackColor": "601f10",
    "suitBottomFrontColor": "ffffff",
    "suitBottomBackColor": "601f10",
    "skisColor": "0a9bff"
  },
  {
    "id": "EST-M-Maltsev-Kevin#0",
    "lastName": "Maltsev",
    "firstName": "Kevin",
    "countryCode": "EST",
    "gender": "Male",
    "birthdate": "1999-08-22T00:00:00",
    "imagePath": "Kevin Maltsev.png",
    "helmetColor": "ffffff",
    "suitTopFrontColor": "116fff",
    "suitTopBackColor": "116fff",
    "suitBottomFrontColor": "ffffff",
    "suitBottomBackColor": "116fff",
    "skisColor": "0a9bff"
  },
  {
    "id": "FIN-M-Nousiainen-Eetu#0",
    "lastName": "Nousiainen",
    "firstName": "Eetu",
    "countryCode": "FIN",
    "gender": "Male",
    "birthdate": "1999-08-22T00:00:00",
    "imagePath": "Eetu Nousiainen.png",
    "helmetColor": "ffffff",
    "suitTopFrontColor": "000000",
    "suitTopBackColor": "000000",
    "suitBottomFrontColor": "000000",
    "suitBottomBackColor": "000000",
    "skisColor": "9bff20"
  },
  {
    "id": "FIN-M-Pohjola-Arttu#0",
    "lastName": "Pohjola",
    "firstName": "Arttu",
    "countryCode": "FIN",
    "gender": "Male",
    "birthdate": "1999-08-22T00:00:00",
    "imagePath": "Arttu Pohjola.png",
    "helmetColor": "ffffff",
    "suitTopFrontColor": "000000",
    "suitTopBackColor": "000000",
    "suitBottomFrontColor": "000000",
    "suitBottomBackColor": "000000",
    "skisColor": "9bff20"
  },
  {
    "id": "KAZ-M-Muminov-Sabirzhan#0",
    "lastName": "Muminov",
    "firstName": "Sabirzhan",
    "countryCode": "KAZ",
    "gender": "Male",
    "birthdate": "1999-08-22T00:00:00",
    "imagePath": "Sabirzhan Muminov.png",
    "helmetColor": "ffffff",
    "suitTopFrontColor": "676767",
    "suitTopBackColor": "676767",
    "suitBottomFrontColor": "676767",
    "suitBottomBackColor": "676767",
    "skisColor": "0a9bff"
  },
  {
    "id": "FRA-M-Foubert-Valentin#0",
    "lastName": "Foubert",
    "firstName": "Valentin",
    "countryCode": "FRA",
    "gender": "Male",
    "birthdate": "1999-08-22T00:00:00",
    "imagePath": "Valentin Foubert.png",
    "helmetColor": "000000",
    "suitTopFrontColor": "132138",
    "suitTopBackColor": "132138",
    "suitBottomFrontColor": "132138",
    "suitBottomBackColor": "132138",
    "skisColor": "9bff20"
  },
  {
    "id": "FRA-M-Contamine-Mathis#0",
    "lastName": "Contamine",
    "firstName": "Mathis",
    "countryCode": "FRA",
    "gender": "Male",
    "birthdate": "1999-08-22T00:00:00",
    "imagePath": "Mathis Contamine.png",
    "helmetColor": "000000",
    "suitTopFrontColor": "206cff",
    "suitTopBackColor": "206cff",
    "suitBottomFrontColor": "206cff",
    "suitBottomBackColor": "206cff",
    "skisColor": "0a9bff"
  },
  {
    "id": "GER-M-Hamann-Martin#0",
    "lastName": "Hamann",
    "firstName": "Martin",
    "countryCode": "GER",
    "gender": "Male",
    "birthdate": "1999-08-22T00:00:00",
    "imagePath": "Martin Hamann.png",
    "helmetColor": "ffffff",
    "suitTopFrontColor": "000000",
    "suitTopBackColor": "000000",
    "suitBottomFrontColor": "000000",
    "suitBottomBackColor": "000000",
    "skisColor": "9bff20"
  },
  {
    "id": "GER-M-Haas-Claudio#0",
    "lastName": "Haas",
    "firstName": "Claudio",
    "countryCode": "GER",
    "gender": "Male",
    "birthdate": "1999-08-22T00:00:00",
    "imagePath": "Claudio Haas.png",
    "helmetColor": "000000",
    "suitTopFrontColor": "000000",
    "suitTopBackColor": "000000",
    "suitBottomFrontColor": "000000",
    "suitBottomBackColor": "000000",
    "skisColor": "9bff20"
  },
  {
    "id": "GER-M-Geyer-Luca#0",
    "lastName": "Geyer",
    "firstName": "Luca",
    "countryCode": "GER",
    "gender": "Male",
    "birthdate": "1999-08-22T00:00:00",
    "imagePath": "Luca Geyer.png",
    "helmetColor": "ffffff",
    "suitTopFrontColor": "000000",
    "suitTopBackColor": "000000",
    "suitBottomFrontColor": "000000",
    "suitBottomBackColor": "000000",
    "skisColor": "0a9bff"
  },
  {
    "id": "ITA-M-Bresadola-Giovanni#0",
    "lastName": "Bresadola",
    "firstName": "Giovanni",
    "countryCode": "ITA",
    "gender": "Male",
    "birthdate": "1999-08-22T00:00:00",
    "imagePath": "Giovanni Bresadola.png",
    "helmetColor": "022eff",
    "suitTopFrontColor": "8f8f8f",
    "suitTopBackColor": "8f8f8f",
    "suitBottomFrontColor": "8f8f8f",
    "suitBottomBackColor": "8f8f8f",
    "skisColor": "0a9bff"
  },
  {
    "id": "NOR-M-Eriksen-Sander_Vossan#0",
    "lastName": "Eriksen",
    "firstName": "Sander Vossan",
    "countryCode": "NOR",
    "gender": "Male",
    "birthdate": "1999-08-22T00:00:00",
    "imagePath": "Sander Vossan Eriksen.png",
    "helmetColor": "ffffff",
    "suitTopFrontColor": "004b48",
    "suitTopBackColor": "004b48",
    "suitBottomFrontColor": "004b48",
    "suitBottomBackColor": "004b48",
    "skisColor": "0a9bff"
  },
  {
    "id": "NOR-M-Haare-Anders#0",
    "lastName": "Haare",
    "firstName": "Anders",
    "countryCode": "NOR",
    "gender": "Male",
    "birthdate": "1999-08-22T00:00:00",
    "imagePath": "Anders Haare.png",
    "helmetColor": "ffffff",
    "suitTopFrontColor": "116fff",
    "suitTopBackColor": "116fff",
    "suitBottomFrontColor": "116fff",
    "suitBottomBackColor": "116fff",
    "skisColor": "fbabe6"
  },
  {
    "id": "AUT-M-Bachlinger-Niklas#0",
    "lastName": "Bachlinger",
    "firstName": "Niklas",
    "countryCode": "AUT",
    "gender": "Male",
    "birthdate": "1999-08-22T00:00:00",
    "imagePath": "Niklas Bachlinger.png",
    "helmetColor": "ffffff",
    "suitTopFrontColor": "ffffff",
    "suitTopBackColor": "ffffff",
    "suitBottomFrontColor": "ffffff",
    "suitBottomBackColor": "ffffff",
    "skisColor": "ffffff"
  },
  {
    "id": "AUT-M-Wohlgenannt-Ulrich#0",
    "lastName": "Wohlgenannt",
    "firstName": "Ulrich",
    "countryCode": "AUT",
    "gender": "Male",
    "birthdate": "1999-08-22T00:00:00",
    "imagePath": "Ulrich Wohlgenannt.png",
    "helmetColor": "ff4335",
    "suitTopFrontColor": "000000",
    "suitTopBackColor": "000000",
    "suitBottomFrontColor": "000000",
    "suitBottomBackColor": "000000",
    "skisColor": "9bff20"
  },
  {
    "id": "AUT-M-Medwed-Elias#0",
    "lastName": "Medwed",
    "firstName": "Elias",
    "countryCode": "AUT",
    "gender": "Male",
    "birthdate": "1999-08-22T00:00:00",
    "imagePath": "Elias Medwed.png",
    "helmetColor": "ffffff",
    "suitTopFrontColor": "000000",
    "suitTopBackColor": "000000",
    "suitBottomFrontColor": "000000",
    "suitBottomBackColor": "000000",
    "skisColor": "9bff20"
  },
  {
    "id": "TUR-M-Cintimar-Muhammet_Irfan#0",
    "lastName": "Cintimar",
    "firstName": "Muhammet Irfan",
    "countryCode": "TUR",
    "gender": "Male",
    "birthdate": "1999-08-22T00:00:00",
    "imagePath": "Muhammet Irfan Cintimar.png",
    "helmetColor": "000000",
    "suitTopFrontColor": "000000",
    "suitTopBackColor": "000000",
    "suitBottomFrontColor": "000000",
    "suitBottomBackColor": "000000",
    "skisColor": "9bff20"
  },
  {
    "id": "TUR-M-Bedir-Muhammed_Ali#0",
    "lastName": "Bedir",
    "firstName": "Muhammed Ali",
    "countryCode": "TUR",
    "gender": "Male",
    "birthdate": "1999-08-22T00:00:00",
    "imagePath": "Muhammed Ali Bedir.png",
    "helmetColor": "000000",
    "suitTopFrontColor": "000000",
    "suitTopBackColor": "000000",
    "suitBottomFrontColor": "000000",
    "suitBottomBackColor": "000000",
    "skisColor": "9bff20"
  },
  {
    "id": "TUR-M-Ipcioglu-Fatih_Arda#0",
    "lastName": "Ipcioglu",
    "firstName": "Fatih Arda",
    "countryCode": "TUR",
    "gender": "Male",
    "birthdate": "1999-08-22T00:00:00",
    "imagePath": "Fatih Arda Ipcioglu.png",
    "helmetColor": "000000",
    "suitTopFrontColor": "000000",
    "suitTopBackColor": "000000",
    "suitBottomFrontColor": "000000",
    "suitBottomBackColor": "000000",
    "skisColor": "9bff20"
  }
]